icao24,firstSeen,estDepartureAirport,lastSeen,estArrivalAirport,callsign,estDepartureAirportHorizDistance,estDepartureAirportVertDistance,estArrivalAirportHorizDistance,estArrivalAirportVertDistance,departureAirportCandidatesCount,arrivalAirportCandidatesCount
e80478,1753550901,SKBO,1753570215,SBGR,ARE4907 ,830.0,49.0,8211,286,1,2
e8043c,1753545991,SAEZ,1753569951,SBGR,LAN742  ,853.0,12.0,8709,317,2,2
e4925f,1753565241,SBBR,1753569773,SBGR,TAM3256 ,2337.0,176.0,9102,324,1,2
e486c2,1753550980,SBFZ,1753569658,SBGR,TAM3491 ,492.0,35.0,8761,317,1,2
e49914,1753566119,,1753569517,SBGR,PSASF   ,,,8288,309,0,2
e49bfd,1753559599,,1753569408,SBGR,TAM8099 ,,,8384,302,0,2
e485b0,1753564419,,1753569122,SBGR,TAM4716 ,,,8314,286,0,2
e4a125,1753564456,,1753568920,SBGR,TAM4603 ,,,8395,302,0,2
e4924a,1753566222,SBGL,1753568783,SBGR,TAM3349 ,2619.0,8.0,9097,332,1,2
e48620,1753566271,SDIN,1753568689,SBGR,PTPVH   ,9634.0,1858.0,7800,271,1,2
e8046d,1753541772,KMIA,1753568537,SBGR,TAM8195 ,3503.0,104.0,8534,309,1,2
e4a12b,1753566244,,1753568425,SBGR,TAM3305 ,,,8023,286,0,2
e48baa,1753530968,LEBL,1753568236,SBGR,TAM8115 ,2902.0,324.0,9391,355,0,2
e49c05,1753551450,SBFZ,1753568143,SBGR,TAM4555 ,971.0,13.0,8014,286,1,2
4952a7,1753534189,LPPT,1753567878,SBGR,TAP089  ,2542.0,213.0,9412,363,2,2
e49764,1753551139,SBFZ,1753567457,SBGR,TAM4787 ,1006.0,13.0,9169,340,1,2
e494f7,1753556340,,1753566486,SBGR,AZU2724 ,,,7874,279,0,2
c080dd,1753559036,SAEZ,1753566250,SBGR,ACA091  ,897.0,43.0,9051,332,2,2
e47f21,1753557608,,1753565967,SBGR,LTG6577 ,,,8189,294,0,2
e8024a,1753561095,,1753565838,SBGR,LAN754  ,,,8087,286,0,2
e06443,1753557210,SABE,1753564948,SBGR,ARG1246 ,727.0,5.0,8060,286,0,2
e48053,1753563171,,1753564727,SBGR,TAM3637 ,,,8677,324,0,2
e495fb,1753561893,SBGL,1753564601,SBGR,GLO1147 ,2559.0,39.0,8222,294,1,2
e8032a,1753557505,,1753564526,SBGR,SKU602  ,,,7855,279,0,2
e491b0,1753559688,SBBR,1753564174,SBGR,TAM3262 ,1943.0,92.0,8500,294,1,2
4bb0f6,1753516883,LTFM,1753564091,SBGR,THY15   ,11247.0,632.0,7615,263,0,2
e4997c,1753562220,,1753563914,SBGR,TAM4663 ,,,7599,263,0,2
e082d6,1753555790,,1753563676,SBGR,ARG1258 ,,,8439,309,0,2
e48808,1753551971,SBFZ,1753563507,SBGR,TAM3883 ,918.0,35.0,8189,286,1,2
e49bfe,1753561927,,1753563312,SBGR,TAM3351 ,,,7546,263,0,2
e80456,1753558564,,1753562968,SBGR,LAN750  ,,,9206,340,0,2
896475,1753509468,OMDB,1753562698,SBGR,UAE261  ,7430.0,484.0,9183,355,0,2
347206,1753526203,LEMD,1753562488,SBGR,IBE0271 ,6709.0,137.0,9166,355,1,2
e49ef4,1753559375,,1753561529,SBGR,GLO7487 ,,,7800,271,0,2
e48135,1753559430,,1753561424,SBGR,TAM3823 ,,,7871,271,0,2
e48273,1753553263,SABE,1753561096,SBGR,TAM8143 ,898.0,9.0,8368,302,0,2
e94c42,1753542604,SLLJ,1753560964,SBGR,BOV734  ,8518.0,1995.0,7818,271,0,2
e48fcb,1753555237,SBBR,1753560099,SBGR,TAM3528 ,1948.0,99.0,7891,271,1,2
39cf06,1753519471,LFPG,1753559946,SBGR,AFR460  ,2112.0,215.0,7716,279,3,2
e48f0e,1753556717,SDKB,1753559727,SBGR,PRWIR   ,6674.0,1418.0,7485,363,2,2
e49050,1753558410,,1753559519,SBGR,AZU6073 ,,,9472,370,0,2
4caeb8,1753516422,LIRF,1753559359,SBGR,ITY678  ,1741.0,140.0,7798,279,0,2
e80441,1753552171,,1753558995,SBGR,LAN752  ,,,8108,279,0,2
e48199,1753549206,SBIZ,1753558882,SBGR,TAM4502 ,1763.0,195.0,8126,294,2,2
e49890,1753556529,,1753558669,SBGR,GLO9151 ,,,7909,279,0,2
e495db,1753551575,,1753558589,SBGR,TAM4759 ,,,7839,286,0,2
e48f6a,1753555883,SBGL,1753558345,SBGR,TAM4723 ,2553.0,6.0,7785,263,1,2
e4819c,1753551210,,1753558210,SBGR,TAM8020 ,,,8137,286,0,2
e482c5,1753547160,,1753558090,SBGR,TAM3439 ,,,7859,271,0,2
e482c6,1753556680,,1753558009,SBGR,TAM3377 ,,,7583,256,0,2
e48f02,1753556348,,1753557858,SBGR,GLO1809 ,,,9191,347,0,2
e480fa,1753554333,SSKT,1753557604,SBGR,TAM3303 ,5825.0,710.0,7902,271,1,2
e49475,1753545902,,1753557492,SBGR,GLO1581 ,,,8400,302,0,2
e48043,1753555176,,1753557387,SBGR,TAM4667 ,,,8120,294,0,2
e4988f,1753555903,,1753557113,SBGR,GLO1517 ,,,7904,279,0,2
e48b66,1753552312,SBVT,1753557026,SBGR,TAM4725 ,1010.0,3.0,7849,271,0,2
040033,1753474193,ESSA,1753556846,SBGR,ETH715  ,830.0,34.0,8184,294,0,2
e48c4c,1753553807,,1753556699,SBGR,TAM3543 ,,,7711,263,0,2
00b1fb,1753525831,FACT,1753556573,SBGR,SAA226  ,243.0,175.0,8389,302,1,2
e4a12c,1753554677,,1753556471,SBGR,TAM3879 ,,,8714,332,0,2
e48986,1753548766,SABE,1753556308,SBGR,GLO7665 ,14.0,58.0,8055,286,0,2
e491a2,1753548094,,1753556202,SBGR,TAM4575 ,,,7971,271,0,2
e4bc02,1753554192,,1753556106,SBGR,TAM3421 ,,,7849,286,0,2
e4988b,1753554612,,1753556006,SBGR,GLO9057 ,,,7985,286,0,2
e49522,1753543965,SBFZ,1753555872,SBGR,GLO1527 ,902.0,2.0,9170,347,1,2
4b191a,1753548411,SAEZ,1753555753,SBGR,SWR93   ,1244.0,5.0,7784,271,2,2
e49a48,1753553246,SBCT,1753555642,SBGR,GLO1165 ,8367.0,697.0,7974,279,3,2
e495d0,1753554005,,1753555526,SBGR,AZU2768 ,,,8184,294,0,2
e47f50,1753543141,SBFZ,1753555260,SBGR,GLO9618 ,842.0,2.0,8408,309,1,2
e49c01,1753545223,,1753555082,SBGR,TAM8040 ,,,7909,286,0,2
e4a130,1753543958,,1753554968,SBGR,TAM3531 ,,,7802,279,0,2
e49c03,1753544626,,1753554844,SBGR,TAM3231 ,,,7785,279,0,2
e48b65,1753553331,,1753554613,SBGR,TAM3859 ,,,7765,271,0,2
e4924a,1753533404,SBBR,1753554295,SBGR,TAM3760 ,2591.0,46.0,7578,248,1,2
e48de7,1753513298,LFMN,1753554119,SBGR,PPGUL   ,1090.0,19.0,8052,286,0,2
e49763,1753551192,SBGL,1753553995,SBGR,TAM4673 ,2353.0,16.0,8538,317,1,2
e49ed4,1753552540,,1753553908,SBGR,TAM4727 ,,,8228,302,0,2
e49697,1753545875,SABE,1753553787,SBGR,TAM8033 ,532.0,51.0,9398,363,0,2
e4894f,1753551165,,1753553722,SBGR,TAM3975 ,,,7931,279,0,2
e49aa8,1753541498,SBFZ,1753553524,SBGR,TAM4679 ,922.0,2.0,8012,286,1,2
e49247,1753551852,,1753553319,SBGR,TAM4717 ,,,9232,340,0,2
e480a2,1753548168,,1753553232,SBGR,LAP1305 ,,,9312,363,0,2
e495b2,1753551604,,1753553069,SBGR,AZU2481 ,,,7800,279,0,2
e481d8,1753550641,,1753552829,SBGR,GLO1247 ,,,8065,286,0,2
e4999f,1753526743,,1753552639,SBGR,TAM4743 ,,,8099,294,0,2
0ac9ef,1753533797,SKBO,1753552453,SBGR,AVA185  ,986.0,26.0,7465,256,1,2
e80418,1753545933,,1753552126,SBGR,LAN406  ,,,7886,279,0,2
e4a12b,1753550186,,1753552024,SBGR,TAM4609 ,,,9401,363,0,2
e48fb4,1753546632,,1753551201,SBGR,GLO1533 ,,,8044,286,0,2
e4950d,1753532911,SBGL,1753550721,SBGR,GLO9010 ,2395.0,69.0,7816,271,1,2
e485b0,1753547770,,1753549908,SBGR,TAM3419 ,,,7725,263,0,2
e490f1,1753547355,,1753549736,SBGR,TAM3639 ,,,9394,347,0,2
e49c06,1753545060,SBBR,1753549644,SBGR,TAM3264 ,2422.0,138.0,7816,279,1,2
e49bfc,1753546299,SSKT,1753549497,SBGR,TAM4671 ,6169.0,717.0,7879,286,1,2
e4997c,1753541957,SABE,1753549288,SBGR,TAM8139 ,659.0,66.0,8084,294,0,2
e48e55,1753539120,SBIZ,1753549154,SBGR,TAM3589 ,141.0,9.0,7882,271,2,2
e0340c,1753542762,,1753549028,SBGR,LVCPL   ,,,7797,286,0,2
e486c1,1753547580,,1753548806,SBGR,TAM3449 ,,,7925,271,0,2
e071d1,1753541074,SABE,1753548621,SBGR,ARG1244 ,544.0,74.0,7874,271,0,2
e48dc5,1753545735,,1753548431,SBGR,TAM4765 ,,,8066,271,0,2
e49a55,1753529166,SBGR,1753548176,SBGR,AZU4769 ,8513.0,591.0,7492,256,0,2
e48e88,1753537381,SBBR,1753548048,SBGR,AZU4236 ,1887.0,23.0,7897,279,1,2
e49aaa,1753545681,,1753547727,SBGR,TAM3839 ,,,8007,279,0,2
e4a202,1753546354,,1753547543,SBGR,GLO9611 ,,,8385,302,0,2
e48ce7,1753544657,,1753547115,SBGR,TAM3393 ,,,8192,294,0,2
e49ef3,1753541234,,1753546850,SBGR,GLO1603 ,,,8713,309,0,2
e48b64,1753545031,,1753546589,SBGR,TAM3223 ,,,9207,340,0,2
e49dde,1753542706,SSKT,1753546399,SBGR,TAM4715 ,6173.0,641.0,7475,248,1,2
e49aa9,1753544444,,1753546289,SBGR,TAM3309 ,,,9130,332,0,2
e80449,1753540959,,1753546206,SBGR,LAN762  ,,,8166,271,0,2
e4808c,1753539064,,1753546107,SBGR,TAM3389 ,,,8166,294,0,2
e495c6,1753543533,,1753546026,SBGR,GLO1969 ,,,7799,263,0,2
e4a125,1753543201,SBCT,1753545929,SBGR,TAM3287 ,8781.0,719.0,7879,271,3,2
e49b52,1753541254,SBBR,1753545779,SBGR,GLO1401 ,2426.0,92.0,9120,332,1,2
e491a1,1753540840,SBVT,1753545581,SBGR,TAM3994 ,937.0,26.0,8277,279,0,2
e49c59,1753542930,,1753545195,SBGR,TAM3025 ,,,7995,279,0,2
e491b1,1753532444,SBBR,1753545083,SBGR,TAM3129 ,1203.0,60.0,8294,279,1,2
e497e6,1753532402,SBGR,1753544807,SBGR,GLO1171 ,6449.0,385.0,7633,256,0,2
e48043,1753542090,SBGL,1753544698,SBGR,TAM3699 ,2357.0,6.0,8703,317,1,2
e49bae,1753529313,,1753544616,SBGR,PSVDA   ,,,7807,279,0,2
e47f51,1753532505,SBFZ,1753544510,SBGR,GLO9097 ,777.0,17.0,7874,263,1,2
e48b00,1753541659,,1753544380,SBGR,GLO2131 ,,,9215,332,0,2
e49266,1753539815,SBVT,1753544208,SBGR,GLO1637 ,1060.0,41.0,9472,355,0,2
e49050,1753541163,SBCT,1753544067,SBGR,AZU2818 ,8949.0,628.0,7857,271,3,2
e4805d,1753538075,,1753543946,SBGR,TAM3073 ,,,8256,286,0,2
e48f6a,1753532648,SBBR,1753543558,SBGR,TAM4607 ,1867.0,99.0,7910,248,1,2
e49890,1753524547,SBBR,1753543307,SBGR,GLO1778 ,675.0,75.0,8114,279,1,2
e4925f,1753541311,,1753543138,SBGR,TAM3417 ,,,8144,263,0,2
e48f12,1753541413,,1753542987,SBGR,TAM3653 ,,,9438,347,0,2
e49baf,1753540214,SBGL,1753542898,SBGR,GLO1927 ,2558.0,61.0,8288,286,1,2
e49ef0,1753539720,SSKT,1753542788,SBGR,GLO1277 ,5706.0,633.0,8028,271,1,2
e49a8a,1753540063,SBRJ,1753542585,SBGR,AZU4741 ,3856.0,537.0,9483,347,1,2
e480fa,1753540301,SBCT,1753542446,SBGR,TAM3289 ,7391.0,537.0,8463,286,3,2
e49512,1753540485,,1753541665,SBGR,AZU4674 ,,,8465,294,0,2
e4894f,1753537170,,1753541546,SBGR,TAM3255 ,,,9340,340,0,2
e48fcf,1753540009,,1753541355,SBGR,TAM4605 ,,,7844,241,0,2
e49a48,1753533543,SABE,1753540887,SBGR,GLO7681 ,811.0,58.0,7849,256,0,2
e48135,1753536060,SBBR,1753540719,SBGR,TAM4677 ,1414.0,14.0,7812,248,1,2
e49bfe,1753537513,SBGL,1753540240,SBGR,TAM3367 ,2141.0,54.0,7789,256,1,2
e4904d,1753539572,SBMT,1753540180,SBGR,PRNPB   ,11509.0,131.0,19561,500,1,2
e490ef,1753538465,,1753540105,SBGR,TAM3201 ,,,9243,332,0,2
e485af,1753535252,SBVT,1753539858,SBGR,TAM3331 ,1392.0,57.0,7832,241,0,2
e48b66,1753527702,SBGR,1753539541,SBGR,TAM3534 ,13795.0,987.0,8316,279,0,2
e49763,1753537146,,1753539282,SBGR,TAM3607 ,,,9416,340,0,2
e48c4c,1753537021,,1753539161,SBGR,TAM4661 ,,,7997,248,0,2
e48fcb,1753536671,,1753538948,SBGR,TAM3373 ,,,7995,248,0,2
e48be3,1753536781,,1753538746,SBGR,TAM3279 ,,,7902,248,0,2
e48395,1753537003,,1753538635,SBGR,GLO1149 ,,,7789,248,0,2
e49c02,1753535343,SBFL,1753538470,SBGR,TAM3301 ,6793.0,665.0,8148,271,1,2
e4a12c,1753535755,,1753538290,SBGR,TAM4775 ,,,8373,286,0,2
e4a12a,1753535947,,1753538046,SBGR,TAM4729 ,,,7891,256,0,2
a0a545,1753503739,KORD,1753537870,SBGR,UAL845  ,1063.0,37.0,8736,302,0,2
a8afec,1753504486,KIAD,1753537546,SBGR,UAL861  ,1295.0,26.0,9004,324,2,2
e4a12b,1753535537,,1753537309,SBGR,TAM3285 ,,,7839,256,0,2
e48b65,1753535648,,1753537002,SBGR,TAM4773 ,,,8210,271,0,2
06a383,1753434324,RJAA,1753536539,SBGR,QTR809  ,2297.0,117.0,8265,271,0,2
e49ddb,1753532955,,1753536369,SBGR,PSOES   ,,,7580,332,0,2
e495b2,1753519656,SBGR,1753536220,SBGR,AZU2828 ,10984.0,949.0,7694,248,0,2
e80338,1753529077,,1753536109,SBGR,SKU600  ,,,8426,286,0,2
e8061d,1753528980,,1753535989,SBGR,JAT772  ,,,8023,263,0,2
e4a1bf,1753533882,,1753535427,SBGR,PSJBD   ,,,7889,294,0,2
a27c78,1753502080,KIAH,1753535098,SBGR,UAL62   ,7953.0,503.0,9340,332,0,2
e8026d,1753494217,,1753534916,SBGR,LAN758  ,,,8163,271,0,2
e49adf,1753532923,,1753534722,SBGR,PPKMV   ,,,9237,340,0,2
e80601,1753532161,,1753534577,SBGR,JAT770  ,,,9151,332,0,2
e49c04,1753531500,SBGL,1753534136,SBGR,TAM3369 ,2549.0,69.0,8087,271,1,2
e4926f,1753532430,,1753533613,SBGR,GLO1839 ,,,8253,271,0,2
e4949f,1753527754,,1753533344,SBGR,AZU9527 ,,,9166,340,0,2
e48053,1753525660,,1753532929,SBGR,TAM8133 ,,,7746,256,0,2
ab30e6,1753498884,KDFW,1753532683,SBGR,AAL963  ,1808.0,66.0,9201,332,3,2
e48273,1753527594,SBBR,1753532412,SBGR,TAM4684 ,1295.0,75.0,7779,248,1,2
e4a177,1753529589,,1753532181,SBGR,PPADP   ,,,7464,241,0,2
c02ebd,1753498697,CYUL,1753531780,SBGR,ACA96   ,954.0,35.0,9140,332,0,2
c080dd,1753496889,CYYZ,1753531284,SBGR,ACA90   ,1942.0,36.0,8155,271,1,2
e49050,1753527977,SBRJ,1753530951,SBGR,AZU4645 ,3709.0,583.0,7858,263,1,2
e47f21,1753522307,,1753530532,SBGR,LTG6573 ,,,8247,286,0,2
e49aa9,1753518662,,1753530419,SBGR,TAM3229 ,,,8168,279,0,2
e4a125,1753528137,,1753530119,SBGR,TAM4712 ,,,9465,355,0,2
e4988f,1753527840,,1753530039,SBGR,GLO1635 ,,,7779,256,0,2
e49c06,1753527661,,1753529924,SBGR,TAM3447 ,,,7481,248,0,2
e49c07,1753526073,,1753529637,SBGR,TAM3127 ,,,8013,279,0,2
e47fa8,1753517261,,1753529488,SBGR,GLO1617 ,,,7999,271,0,2
e49ed4,1753523662,SBBR,1753529387,SBGR,TAM3260 ,1190.0,82.0,8012,271,1,2
e48808,1753526461,,1753529258,SBGR,TAM3415 ,,,7849,256,0,2
e495db,1753523749,SBVT,1753529143,SBGR,TAM3358 ,858.0,41.0,9437,355,0,2
e482c6,1753527073,,1753529027,SBGR,TAM4675 ,,,8173,279,0,2
e485b0,1753515986,SBFZ,1753528881,SBGR,TAM3455 ,1023.0,35.0,7584,241,1,2
e8043d,1753520146,SAEZ,1753528337,SBGR,LAN749  ,518.0,20.0,7678,256,2,2
e49ef4,1753525899,,1753528235,SBGR,GLO1175 ,,,7871,263,0,2
e48199,1753526523,,1753528088,SBGR,TAM3423 ,,,7708,256,0,2
e48dc5,1753526375,,1753527821,SBGR,TAM3379 ,,,7752,248,0,2
e49dde,1753524884,SBGL,1753527704,SBGR,TAM3341 ,2412.0,31.0,7795,271,1,2
e497e6,1753509633,SBFZ,1753527569,SBGR,GLO9022 ,800.0,5.0,7994,271,1,2
e48fb5,1753522548,SBVT,1753527237,SBGR,GLO1309 ,1208.0,41.0,9481,355,0,2
e49eee,1753520081,,1753527012,SBGR,GLO1952 ,,,7677,256,0,2
e49aaa,1753525062,,1753526788,SBGR,TAM3283 ,,,8028,279,0,2
e48986,1753524412,,1753526609,SBGR,GLO1241 ,,,8015,279,0,2
e48e09,1753521660,SBBR,1753526458,SBGR,GLO1409 ,2677.0,0.0,7907,271,1,2
e8046f,1753497296,KMCO,1753525996,SBGR,TAM8127 ,2851.0,100.0,9201,340,0,2
e48e92,1753523762,,1753525856,SBGR,GLO1101 ,,,8403,294,0,2
e49697,1753515184,,1753525617,SBGR,TAM8005 ,,,8134,286,0,2
e48b00,1753522320,,1753525491,SBGR,GLO1497 ,,,9472,363,0,2
e48043,1753520354,SBBR,1753525430,SBGR,TAM3657 ,1359.0,29.0,7849,271,1,2
e49ef3,1753521614,SSKT,1753525301,SBGR,GLO1316 ,6427.0,603.0,7837,263,1,2
e49bfe,1753514823,,1753525201,SBGR,TAM3445 ,,,7682,263,0,2
e48c4c,1753516471,,1753525108,SBGR,TAM4755 ,,,7837,263,0,2
e49baf,1753499749,SBBR,1753524964,SBGR,GLO9004 ,2314.0,122.0,7864,271,1,2
0d0bba,1753493951,MMMX,1753524864,SBGR,AMX014  ,3311.0,86.0,7638,256,0,2
e4952d,1753517556,,1753524641,SBGR,GLO1609 ,,,8053,279,0,2
e49475,1753522164,,1753524547,SBGR,GLO1267 ,,,7815,263,0,2
e80336,1753483104,,1753524427,SBGR,SKX5564 ,,,8144,294,0,2
e49511,1753515160,,1753524292,SBGR,GLO1513 ,,,7604,256,0,2
e49591,1753521848,,1753524179,SBGR,AZU2888 ,,,8240,294,0,2
e4988b,1753515394,,1753524084,SBGR,GLO1631 ,,,7836,271,0,2
e480a2,1753518219,,1753523998,SBGR,LAP1303 ,,,8431,302,0,2
e495d0,1753521883,,1753523891,SBGR,AZU4153 ,,,8060,286,0,2
aa92fc,1753492213,KEWR,1753523737,SBGR,UAL149  ,1772.0,63.0,9141,347,1,2
e8045b,1753491945,KJFK,1753523668,SBGR,TAM8181 ,819.0,3.0,7773,263,0,2
e48395,1753510937,SBFZ,1753523458,SBGR,GLO1529 ,718.0,2.0,7793,271,1,2
e49b52,1753469518,,1753523267,SBGR,GLO7731 ,,,7772,263,0,2
e4894e,1753519226,SBFL,1753523182,SBGR,TAM3511 ,5731.0,612.0,5967,180,1,2
e49ef0,1753512250,,1753523020,SBGR,GLO1543 ,,,7858,271,0,2
e482c5,1753510171,SBFZ,1753522918,SBGR,TAM3317 ,1067.0,20.0,8082,279,1,2
e49ed5,1753520485,,1753522829,SBGR,TAM3397 ,,,7826,279,0,2
e48b65,1753493253,SBGR,1753522700,SBGR,TAM3295 ,9023.0,500.0,8235,286,0,2
4952ae,1753487422,LPPT,1753522546,SBGR,TAP087  ,3576.0,381.0,8223,294,2,2
e4a12a,1753520714,,1753522439,SBGR,TAM3199 ,,,8379,309,0,2
e4819c,1753519963,,1753522311,SBGR,TAM3479 ,,,9378,347,0,2
e495d3,1753520658,,1753522218,SBGR,PSFBL   ,,,7841,286,0,2
e490b1,1753519840,,1753522133,SBGR,AZU2734 ,,,7859,271,0,2
e48b66,1753488456,SBBR,1753522015,SBGR,TAM3494 ,2575.0,39.0,9125,340,1,2
e49c02,1753519426,,1753521921,SBGR,TAM4659 ,,,7946,286,0,2
e48be3,1753512006,SBIZ,1753521797,SBGR,TAM3435 ,1173.0,112.0,9215,340,2,2
e4805d,1753520237,,1753521688,SBGR,TAM3561 ,,,8685,317,0,2
e4a12b,1753519162,,1753521611,SBGR,TAM3691 ,,,7708,271,0,2
e0b244,1753513624,SABE,1753521448,SBGR,ARG1314 ,565.0,35.0,8239,294,0,2
e49c03,1753518528,SBGL,1753521349,SBGR,TAM3339 ,2674.0,46.0,8238,302,1,2
e49c05,1753519714,,1753521257,SBGR,TAM3375 ,,,7821,279,0,2
e48fcb,1753519296,,1753521149,SBGR,TAM3293 ,,,7844,263,0,2
e49027,1753517685,,1753521027,SBGR,PRDLN   ,,,8020,286,0,2
e49221,1753512390,,1753520905,SBGR,TAM3565 ,,,9184,340,0,2
0c20e0,1753502170,,1753520805,SBGR,CMP759  ,,,7793,271,0,2
e49c04,1753509571,,1753520696,SBGR,TAM3227 ,,,8321,309,0,2
e491a2,1753517687,,1753520590,SBGR,TAM3547 ,,,7601,248,0,2
e486c1,1753518875,,1753520457,SBGR,TAM3221 ,,,8233,286,0,2
e4a130,1753500429,SBGR,1753520363,SBGR,TAM3269 ,3166.0,195.0,7686,271,0,2
407799,1753480340,EGLL,1753520218,SBGR,BAW247  ,1493.0,96.0,7773,279,3,2
e490ef,1753515360,SBVT,1753520066,SBGR,TAM4537 ,769.0,33.0,9427,355,0,2
e4894f,1753518378,,1753519993,SBGR,TAM3359 ,,,8152,294,0,2
e80270,1753509313,,1753519876,SBGR,LPE2428 ,,,9142,340,0,2
e49c08,1753512990,,1753519749,SBGR,TAM3197 ,,,8102,294,0,2
394a14,1753480181,LFPG,1753519585,SBGR,AFR454  ,2040.0,154.0,8284,302,3,2
e497f1,1753518311,SDBN,1753519424,SBGR,PSFGN   ,10619.0,1252.0,8070,302,0,2
e481d8,1753512360,SABE,1753519278,SBGR,GLO7045 ,174.0,51.0,9193,347,0,2
e491ae,1753513636,,1753519155,SBGR,TAM3347 ,,,7800,263,0,2
e48e55,1753512187,,1753519006,SBGR,TAM3391 ,,,7666,263,0,2
e4950d,1753516868,,1753518799,SBGR,GLO1421 ,,,8028,286,0,2
344502,1753482405,LEMD,1753518653,SBGR,IBE0267 ,6852.0,198.0,8719,317,1,2
aaf1fa,1753485659,KATL,1753518448,SBGR,DAL105  ,1066.0,61.0,9371,355,1,2
e80475,1753487146,MMMX,1753518037,SBGR,TAM8113 ,2641.0,4.0,8081,286,0,2
e80452,1753480986,LEMD,1753517873,SBGR,LAN715  ,7993.0,198.0,8071,286,1,2
e49c00,1753500166,SBGR,1753517719,SBGR,TAM3394 ,3363.0,218.0,8357,309,0,2
aac33e,1753500147,SKBO,1753517578,SBGR,AVA085  ,759.0,125.0,7831,271,1,2
4cae80,1753475664,LIRF,1753517420,SBGR,ITY674  ,2045.0,156.0,7873,279,0,2
e80476,1753477655,KLAX,1753517254,SBGR,TAM8087 ,3064.0,213.0,8134,286,2,2
346291,1753482056,LEMD,1753517124,SBGR,AEA057  ,8239.0,191.0,7869,279,1,2
4b191a,1753476688,LSZH,1753516975,SBGR,SWR92   ,773.0,42.0,8238,294,1,2
e4818c,1753489745,KMIA,1753516544,SBGR,TAM8191 ,3399.0,203.0,8294,302,1,2
e48989,1753514928,,1753516419,SBGR,GLO1487 ,,,9167,340,0,2
e8047a,1753497067,SKBO,1753516318,SBGR,ARE4903 ,1122.0,56.0,7831,279,0,2
e48ba8,1753476525,EGLL,1753516181,SBGR,TAM8085 ,1673.0,35.0,8139,294,3,2
e49f44,1753498592,SBGR,1753516088,SBGR,AZU2751 ,5732.0,393.0,8027,294,0,2
3c4b24,1753476006,EDDF,1753515955,SBGR,DLH506  ,4964.0,18.0,7779,279,1,2
a9b9e3,1753488133,KMIA,1753515703,SBGR,AAL929  ,3216.0,180.0,8022,286,1,2
e8024a,1753511559,,1753515576,SBGR,LAN604  ,,,8124,294,0,2
e48189,1753474121,EDDF,1753515162,SBGR,TAM8071 ,4362.0,3.0,7907,286,1,2
e49247,1753508041,,1753514660,SBGR,TAM9546 ,,,8082,279,0,2
0c217a,1753493798,,1753512232,SBGR,CMP743  ,,,7751,271,0,2
e48007,1753503750,,1753511878,SBGR,GLO9610 ,,,8378,302,0,2
e480dc,1753502132,,1753510567,SBGR,GLO9642 ,,,7804,271,0,2
4bb101,1753502070,SAEZ,1753509064,SBGR,THY16   ,503.0,43.0,8023,286,2,2
e0b111,1753499640,SABE,1753506947,SBGR,FBZ5800 ,46.0,35.0,7837,271,0,2
e8033e,1753499949,,1753506774,SBGR,SKU604  ,,,7935,279,0,2
e4a2a9,1753503061,,1753504518,SBGR,TTL5684 ,,,8091,286,0,2
e80421,1753475824,KMIA,1753504199,SBGR,LAE1828 ,3360.0,218.0,9054,340,1,2
0ac9c3,1753485460,SKBO,1753503939,SBGR,AVA161  ,1919.0,141.0,7800,271,0,2
e49c01,1753497273,,1753503596,SBGR,TAM8097 ,,,8045,286,0,2
040075,1753496657,SAEZ,1753503396,SBGR,ETH507  ,447.0,12.0,7876,279,2,2
e4997c,1753497604,,1753503232,SBGR,TAM4753 ,,,7837,271,0,2
e48274,1753494952,SABE,1753502279,SBGR,TAM8141 ,796.0,2.0,8459,302,0,2
e4920e,1753498756,SSKT,1753502062,SBGR,TTL5680 ,6917.0,1037.0,8742,317,1,2
e492f8,1753496581,SBBR,1753501535,SBGR,SID9304 ,1740.0,67.0,6479,256,1,2
e4a12c,1753496597,,1753501073,SBGR,TAM8037 ,,,7816,271,0,2
e480db,1753491293,,1753500835,SBGR,GLO9644 ,,,8149,286,0,2
0ac9ef,1753482025,SKBO,1753500499,SBGR,AVA249  ,982.0,11.0,8124,286,1,2
0c218b,1753481816,,1753500147,SBGR,CMP800  ,,,8080,286,0,2
e49763,1753474911,,1753499896,SBGR,TAM3857 ,,,8219,294,0,2
e485af,1753487031,,1753499725,SBGR,TAM3886 ,,,8030,271,0,2
0c210c,1753459001,KMCO,1753499508,SBGR,CMP725  ,2963.0,222.0,7787,263,0,2
e49512,1753497394,,1753498763,SBGR,AZU4320 ,,,7705,271,0,2
e07582,1753491162,SABE,1753498332,SBGR,ARG1250 ,1445.0,93.0,9466,347,0,2
aba800,1753471917,KMIA,1753498199,SBGR,GTI8228 ,3328.0,134.0,8722,317,1,2
e49c03,1753485546,SBFZ,1753497285,SBGR,TAM3507 ,755.0,2.0,7828,271,1,2
4952b2,1753462585,LPPT,1753497056,SBGR,TAP083  ,3200.0,381.0,8779,317,2,2
e48f04,1753494076,SBGL,1753496609,SBGR,GLO2099 ,2710.0,31.0,8043,279,1,2
e4950d,1753488872,,1753496056,SBGR,GLO7832 ,,,9115,332,0,2
e48b64,1753493544,,1753495483,SBGR,TAM4747 ,,,8164,271,0,2
e49f44,1753475321,,1753494970,SBGR,AZU4212 ,,,8087,279,0,2
e4898a,1753493280,,1753494864,SBGR,GLO1441 ,,,9210,340,0,2
e49bfd,1753464624,SBFZ,1753494694,SBGR,TAM3525 ,880.0,13.0,7708,263,1,2
e4999f,1753492951,,1753494405,SBGR,TAM4769 ,,,9132,340,0,2
e48809,1753488731,SBBR,1753493472,SBGR,TAM3258 ,1404.0,21.0,8135,271,1,2
e47f21,1753485400,,1753493300,SBGR,LTG6567 ,,,8252,294,0,2
e49bcb,1753484954,,1753493175,SBGR,TOT9104 ,,,8159,286,0,2
e495db,1753491734,,1753493031,SBGR,TAM3465 ,,,8283,294,0,2
e49511,1753479728,SBFZ,1753492529,SBGR,GLO1619 ,772.0,5.0,8325,294,1,2
e48dc1,1753484294,,1753492347,SBGR,TAM3569 ,,,8437,302,0,2
e49b53,1753487511,SBBR,1753492272,SBGR,GLO1419 ,2679.0,206.0,8019,271,1,2
e495b2,1753489733,,1753492139,SBGR,AZU2774 ,,,9440,355,0,2
e481d8,1753490431,,1753492067,SBGR,GLO1633 ,,,7876,271,0,2
e4950e,1753488994,SBGL,1753491949,SBGR,GLO1965 ,2510.0,46.0,7887,263,1,2
e48e55,1753478954,,1753491832,SBGR,TAM3204 ,,,8104,279,0,2
e4925f,1753488485,SBGL,1753491719,SBGR,TAM3875 ,2738.0,23.0,8595,286,1,2
e49405,1753479305,,1753491592,SBGR,GLO1539 ,,,7879,263,0,2
e48c4c,1753480445,,1753491405,SBGR,TAM3233 ,,,7971,263,0,2
e49c06,1753489770,,1753491291,SBGR,TAM3557 ,,,7800,271,0,2
e495d0,1753489714,,1753491204,SBGR,AZU4878 ,,,7720,263,0,2
e47ed1,1753478215,,1753491081,SBGR,GLO1422 ,,,9485,347,0,2
e49295,1753488878,,1753491012,SBGR,AZU4453 ,,,7613,256,0,2
e491ae,1753489325,,1753490897,SBGR,TAM3745 ,,,9394,340,0,2
e49c05,1753488379,,1753490818,SBGR,TAM4526 ,,,7217,241,0,2
e49c00,1753485725,SBVT,1753490608,SBGR,TAM3335 ,700.0,26.0,8531,309,0,2
e48be3,1753486974,,1753490518,SBGR,TAM3211 ,,,8210,286,0,2
e48044,1753487512,,1753490407,SBGR,TAM3277 ,,,8469,302,0,2
e49aa9,1753488640,,1753490334,SBGR,TAM4530 ,,,8238,294,0,2
e49ed5,1753477989,,1753490158,SBGR,TAM3471 ,,,8476,309,0,2
e495c6,1753487918,,1753490051,SBGR,GLO2127 ,,,8171,279,0,2
e4988d,1753480640,SABE,1753489919,SBGR,GLO7685 ,1044.0,24.0,7900,263,0,2
e485b0,1753481630,,1753489793,SBGR,TAM3297 ,,,7853,256,0,2
e4a130,1753485994,SBFL,1753489699,SBGR,TAM3307 ,12783.0,1541.0,7465,256,0,2
e499d8,1753486874,,1753489552,SBGR,PSZAA   ,,,8258,302,0,2
e49ef3,1753487995,,1753489463,SBGR,GLO1621 ,,,8296,294,0,2
e49c02,1753486511,SBGL,1753489358,SBGR,TAM3349 ,2341.0,46.0,7481,256,1,2
e48053,1753486206,,1753489194,SBGR,TAM3400 ,,,7557,256,0,2
e49509,1753487249,,1753489066,SBGR,PRNFA   ,,,7848,279,0,2
e49475,1753486538,,1753488988,SBGR,GLO1181 ,,,7705,263,0,2
e4894f,1753486386,,1753488899,SBGR,TAM4714 ,,,8300,302,0,2
e48e92,1753487428,,1753488773,SBGR,GLO9125 ,,,9210,340,0,2
e491af,1753473103,,1753488650,SBGR,TAM8117 ,,,9220,332,0,2
e482c6,1753485764,,1753488526,SBGR,TAM3131 ,,,9190,332,0,2
e48014,1753483574,SBBR,1753488449,SBGR,TAM3256 ,1300.0,29.0,7838,271,1,2
e49c08,1753479718,,1753488283,SBGR,TAM8247 ,,,7837,279,0,2
e49ef4,1753483395,SBBR,1753488190,SBGR,GLO1306 ,1299.0,44.0,7999,279,1,2
e4a12b,1753485015,,1753488074,SBGR,TAM3411 ,,,7854,279,0,2
e480f9,1753479453,SABE,1753487960,SBGR,TAM8035 ,1560.0,154.0,8434,294,0,2
0c218d,1753437985,,1753487815,SBGR,CMP701  ,,,9470,355,0,2
e495cc,1753483452,SBFL,1753487608,SBGR,GLO1251 ,12231.0,1816.0,7777,263,0,2
e4805d,1753475544,SBFZ,1753487490,SBGR,TAM3319 ,1255.0,81.0,9453,355,1,2
e48ffa,1753484827,,1753487185,SBGR,TAM3291 ,,,8421,294,0,2
e4988b,1753481379,SBVT,1753487082,SBGR,GLO1415 ,837.0,26.0,9130,340,0,2
e48e46,1753485123,,1753486996,SBGR,TAM3355 ,,,9206,347,0,2
e48135,1753481409,,1753486910,SBGR,LAP1301 ,,,9045,340,0,2
e491a2,1753483873,,1753486795,SBGR,TAM4778 ,,,8495,294,0,2
e4894e,1753483326,,1753486495,SBGR,TAM3251 ,,,8559,309,0,2
e48e09,1753480910,,1753486404,SBGR,GLO1533 ,,,8741,317,0,2
e48ba7,1753445103,LIMC,1753486116,SBGR,TAM8073 ,1194.0,20.0,8444,302,2,2
e49698,1753483290,,1753486022,SBGR,TAM4709 ,,,9028,340,0,2
e49bfe,1753481220,,1753485924,SBGR,TAM3677 ,,,9148,347,0,2
e4952d,1753483652,,1753485828,SBGR,GLO1183 ,,,8258,294,0,2
e8046d,1753449785,FAOR,1753485716,SBGR,TAM8059 ,1347.0,5.0,9163,340,3,2
e49957,1753469149,,1753485630,SBGR,GLO1339 ,,,8693,317,0,2
4952a7,1753450029,LPPT,1753485265,SBGR,TAP089  ,2847.0,312.0,9222,355,2,2
e4a125,1753482882,,1753485197,SBGR,TAM3305 ,,,9440,363,0,2
e4818a,1753443437,LIRF,1753485067,SBGR,TAM8121 ,1781.0,95.0,8406,302,0,2
e8046c,1753448684,LEMD,1753484941,SBGR,TAM8075 ,8472.0,229.0,9066,340,1,2
e80477,1753465514,SKBO,1753484853,SBGR,ARE4907 ,780.0,18.0,9486,355,1,2
e4997c,1753476772,,1753484524,SBGR,TAM3195 ,,,8268,302,0,2
e48fcb,1753465412,SBFZ,1753484413,SBGR,TAM3613 ,801.0,28.0,8432,294,1,2
e494a5,1753554304,,1753570598,SBGL,GORDO57 ,,,4343,143,0,5
e48014,1753566933,,1753570377,SBGL,TAM3603 ,,,5775,212,0,5
3965b2,1753531895,LFPG,1753570209,SBGL,AFR442  ,2065.0,215.0,4559,151,3,5
e48dae,1753567405,SBSP,1753569853,SBGL,AZU4880 ,696.0,62.0,6412,303,1,5
e0814b,1753560690,SAEZ,1753569666,SBGL,JES3808 ,520.0,10.0,4421,136,2,5
e48ce6,1753567304,SBSP,1753569520,SBGL,TAM3930 ,670.0,24.0,5425,433,1,5
e4966d,1753554631,,1753569497,SBGL,AZU8715 ,,,3738,105,0,5
e49405,1753558205,SBFZ,1753569297,SBGL,GLO2095 ,912.0,13.0,4376,136,1,5
484415,1753528334,EHAM,1753568949,SBGL,KLM705  ,2005.0,4.0,4345,143,0,5
e48db1,1753555171,SBSP,1753568143,SBGL,GLO1466 ,1010.0,9.0,6096,227,1,5
e0958f,1753559121,SABE,1753567978,SBGL,JES3814 ,653.0,35.0,3751,105,0,5
e47e7c,1753563186,SBBR,1753567545,SBGL,GLO1733 ,4374.0,359.0,5310,433,1,5
e495cc,1753565468,,1753567354,SBGL,GLO1924 ,,,4896,159,0,5
e495fc,1753564890,SBKP,1753567229,SBGL,AZU2629 ,5705.0,435.0,5787,357,0,5
e49ef1,1753564095,SBVT,1753567191,SBGL,GLO9293 ,834.0,41.0,3722,98,0,5
e497e6,1753563576,,1753566929,SBGL,GLO2079 ,,,3299,82,0,5
e495d8,1753563858,SBKP,1753566592,SBGL,AZU4037 ,4550.0,390.0,3061,67,0,5
e482c6,1753564446,,1753566347,SBGL,TAM3874 ,,,4259,128,0,5
e49958,1753561770,,1753565879,SBGL,GLO2049 ,,,3704,105,0,5
e493d1,1753561081,,1753565519,SBGL,AZU4625 ,,,3725,113,0,5
e49eef,1753556430,SABE,1753565065,SBGL,GLO7671 ,1075.0,17.0,4354,136,0,5
e49270,1753559734,,1753564134,SBGL,GLO2019 ,,,8317,349,0,5
e4956e,1753561820,SBSP,1753563977,SBGL,GLO9584 ,540.0,39.0,3284,82,1,5
e4894e,1753559166,SBBR,1753563841,SBGL,TAM3799 ,1838.0,99.0,6063,326,1,5
e48ef4,1753560161,,1753563478,SBGL,PRBJA   ,,,5947,349,0,5
e48dfe,1753561035,SBSP,1753562951,SBGL,PPSCN   ,241.0,55.0,6121,326,1,5
e4827c,1753560365,SBSP,1753562656,SBGL,TAM3924 ,557.0,32.0,6768,281,1,5
4952a8,1753528308,LPPT,1753562605,SBGL,TAP073  ,2621.0,259.0,4445,151,2,5
344344,1753526324,LEMD,1753562437,SBGL,IBE0269 ,6930.0,107.0,3217,75,1,5
e49fed,1753560463,,1753562387,SBGL,PSXMV   ,,,20280,235,0,1
e4988d,1753557625,SBBR,1753562173,SBGL,GLO2072 ,2659.0,122.0,4306,143,1,5
e48274,1753550619,SBFZ,1753561991,SBGL,TAM3517 ,682.0,28.0,3983,121,1,5
e4924a,1753559862,SBGR,1753561819,SBGL,TAM4548 ,7711.0,637.0,4368,128,0,5
e49632,1753523592,,1753561559,SBGL,PSTAR   ,,,4284,143,0,5
e48db0,1753559634,SBSP,1753561531,SBGL,GLO1036 ,883.0,9.0,6525,517,1,5
e8062b,1753539552,SBGL,1753561254,SBGL,JAT762  ,2464.0,39.0,4396,151,1,5
e0b059,1753552451,SABE,1753561019,SBGL,FBZ5902 ,456.0,58.0,3758,113,0,5
e8033b,1753552143,,1753560851,SBGL,SKU622  ,,,3662,113,0,5
e072d3,1753552111,SABE,1753560615,SBGL,ARG1256 ,461.0,58.0,3329,90,0,5
e497e5,1753551365,SAEZ,1753560289,SBGL,GLO7041 ,1049.0,12.0,2721,60,2,5
e49528,1753556670,SBVT,1753560058,SBGL,GLO1951 ,846.0,33.0,4173,136,0,5
e49fb5,1753556077,,1753559426,SBGL,AZU2663 ,,,3323,90,0,5
e495f8,1753556284,,1753558731,SBGL,PSDFJ   ,,,6962,372,0,5
e4956f,1753531030,SBBR,1753558438,SBGL,GLO9095 ,2397.0,8.0,3982,121,1,5
e490b1,1753556002,SBSP,1753558422,SBGL,AZU6047 ,892.0,55.0,6932,448,1,5
e482c0,1753553421,SBBR,1753558076,SBGL,GLO1758 ,2900.0,191.0,6006,357,1,5
e48502,1753556101,,1753557958,SBGL,GLO2175 ,,,8867,380,0,5
e80604,1753549232,SAEZ,1753557834,SBGL,JES3818 ,3375.0,505.0,4282,143,2,5
e4999d,1753553017,,1753557560,SBGL,TAM4669 ,,,3972,128,0,5
e495fb,1753553648,SSKT,1753557229,SBGL,GLO2093 ,4999.0,801.0,3386,90,1,5
e48198,1753554333,SBSP,1753556544,SBGL,TAM3918 ,854.0,1.0,6799,288,1,5
e4943f,1753552451,SBBI,1753555887,SBGL,GLO1883 ,9131.0,744.0,3008,75,3,5
896209,1753504850,OMDB,1753555674,SBGL,UAE247  ,5470.0,400.0,3312,90,0,5
e49708,1753551281,,1753554329,SBGL,PSKNG   ,,,6143,357,0,5
e48e94,1753549141,,1753553757,SBGL,GLO1150 ,,,4377,143,0,5
e47fa8,1753549192,,1753553603,SBGL,GLO9011 ,,,3323,90,0,5
e497e7,1753541771,SBFZ,1753553009,SBGL,GLO2031 ,902.0,9.0,3287,82,1,5
e495cc,1753528852,SBGL,1753552824,SBGL,GLO2055 ,2545.0,61.0,4393,136,1,5
e49240,1753544799,SBMT,1753552668,SBGL,PPCGP   ,14394.0,131.0,2298,8,0,5
e48c30,1753550431,SBSP,1753552582,SBGL,GLO1026 ,1220.0,21.0,6519,471,1,5
e07584,1753544791,SABE,1753552576,SBGL,ARG1264 ,1245.0,70.0,4504,143,0,5
e49eec,1753544094,SAEZ,1753552289,SBGL,GLO7657 ,669.0,50.0,3843,113,2,5
e48f6a,1753550000,,1753551989,SBGL,TAM3366 ,,,3785,98,0,5
e495fc,1753549476,SBKP,1753551820,SBGL,AZU2786 ,5652.0,413.0,6371,319,0,5
e47ed1,1753550894,,1753551743,SBGL,GLO9732 ,,,4192,128,0,5
4007f9,1753543131,SAEZ,1753551254,SBGL,BAW248  ,599.0,73.0,3758,113,2,5
e4974b,1753549133,SBSP,1753551238,SBGL,PSNTS   ,240.0,62.0,6054,341,1,5
e47f51,1753549093,,1753550993,SBGL,GLO9168 ,,,3323,82,0,5
e49406,1753546260,,1753550457,SBGL,GLO1684 ,,,3744,105,0,5
e48014,1753545888,,1753550301,SBGL,TAM3693 ,,,3263,90,0,5
e491a3,1753547430,SBSP,1753549543,SBGL,TAM3914 ,890.0,17.0,6849,402,1,5
e49a8a,1753546746,SBGR,1753548673,SBGL,AZU4311 ,11694.0,843.0,6317,319,0,5
e48c05,1753543804,,1753548268,SBGL,GLO2047 ,,,4396,136,0,5
e47e7c,1753543570,SBBR,1753548198,SBGL,GLO1722 ,4462.0,313.0,5352,509,1,5
e4894f,1753546178,SBGR,1753547997,SBGL,TAM3974 ,12375.0,904.0,5995,326,0,5
e4950e,1753544730,SBVT,1753547806,SBGL,GLO1973 ,782.0,41.0,3254,75,0,5
e4956e,1753530704,SBBR,1753547333,SBGL,GLO2037 ,2480.0,52.0,3549,90,1,5
e49889,1753531021,SBBR,1753547148,SBGL,GLO2001 ,1891.0,0.0,4294,128,1,5
e49526,1753543740,,1753546979,SBGL,GLO1723 ,,,3305,82,0,5
e48e46,1753544043,,1753546759,SBGL,TAM3685 ,,,3042,67,0,5
e49763,1753544624,,1753546492,SBGL,TAM4672 ,,,3253,82,0,5
e49528,1753540922,,1753545207,SBGL,GLO1871 ,,,3943,105,0,5
e4851b,1753542337,SBSP,1753544505,SBGL,TAM3876 ,496.0,55.0,9422,654,1,5
e48ce6,1753540686,SBVT,1753543604,SBGL,TAM3667 ,906.0,18.0,4360,121,0,5
e48394,1753540432,,1753542869,SBGL,GLO2061 ,,,3778,90,0,5
e8044a,1753534866,,1753542566,SBGL,LAN774  ,,,3780,82,0,5
e47ffe,1753538764,,1753542147,SBGL,TAM3963 ,,,3258,60,0,5
e0b149,1753533847,SABE,1753541847,SBGL,ARG1266 ,914.0,32.0,4415,128,0,5
e48423,1753537288,,1753541455,SBGL,PRAJT   ,,,7165,349,0,5
e49a5a,1753540053,,1753541279,SBGL,PSUPT   ,,,2812,90,0,5
e49957,1753537830,,1753541094,SBGL,GLO1981 ,,,3276,60,0,5
e49405,1753536651,SBFL,1753540466,SBGL,GLO2023 ,6335.0,589.0,3292,67,1,5
e495cd,1753537447,,1753540188,SBGL,GLO1639 ,,,3763,82,0,5
e493d1,1753518331,,1753539565,SBGL,AZU5024 ,,,3702,90,0,5
e49e2c,1753534032,SBSP,1753539270,SBGL,PSNVZ   ,175.0,85.0,3851,128,1,5
e48c30,1753536828,SBSP,1753538925,SBGL,GLO1014 ,967.0,47.0,8628,768,1,5
e48043,1753536644,SBGR,1753538476,SBGL,TAM3698 ,5484.0,363.0,3371,60,0,5
e80043,1753529641,,1753538157,SBGL,SKU620  ,,,3941,105,0,5
e495fb,1753534662,SBKP,1753537015,SBGL,GLO1971 ,2820.0,100.0,3936,98,0,5
e49ca9,1753533301,,1753536760,SBGL,GLO9075 ,,,3258,52,0,5
e80624,1753502898,,1753536356,SBGL,JAT801  ,,,3768,82,0,5
e4950e,1753530332,SBBR,1753535309,SBGL,GLO2074 ,2436.0,107.0,3315,60,1,5
e49fb5,1753531430,,1753535128,SBGL,AZU2885 ,,,3478,75,0,5
a11d47,1753501888,KATL,1753534950,SBGL,DAL61   ,922.0,68.0,4415,121,1,5
e4999d,1753530102,SBBR,1753534797,SBGL,TAM3728 ,1404.0,23.0,3725,90,1,5
e0b2c4,1753526548,SABE,1753534614,SBGL,ARG1262 ,978.0,9.0,3358,60,0,5
e4943f,1753533741,,1753534415,SBGL,GLO9253 ,,,4354,113,0,5
e49baf,1753532131,SBGR,1753534121,SBGL,GLO1922 ,6609.0,378.0,3322,60,0,5
e49bfe,1753531087,SBGR,1753533195,SBGL,TAM3342 ,6841.0,462.0,3733,90,0,5
e8041b,1753495202,,1753533021,SBGL,LAN776  ,,,3782,90,0,5
e49220,1753529730,SBVT,1753532867,SBGL,TAM3665 ,834.0,56.0,3442,60,0,5
e8062b,1753524762,,1753532517,SBGL,JAT762  ,,,3294,60,0,5
e48db0,1753529111,SBSP,1753531077,SBGL,GLO1008 ,1222.0,13.0,8788,715,1,5
e072d3,1753522178,SABE,1753530376,SBGL,ARG1260 ,359.0,58.0,3789,90,0,5
e0b059,1753521933,SAEZ,1753530056,SBGL,FBZ5900 ,1091.0,5.0,4302,121,2,5
e47e7c,1753524695,SBBR,1753529502,SBGL,GLO1702 ,3302.0,267.0,8615,776,1,5
aa6914,1753501544,KMIA,1753529499,SBGL,AAL905  ,2582.0,111.0,4296,128,1,5
e4966d,1753526168,,1753529243,SBGL,AZU4209 ,,,4172,113,0,5
e48c04,1753526232,SBSP,1753528256,SBGL,GLO1006 ,1046.0,13.0,8708,722,1,5
e48987,1753523411,,1753527920,SBGL,GLO1979 ,,,4215,113,0,5
e49c04,1753525535,SBGR,1753527594,SBGL,TAM3340 ,10394.0,652.0,4373,128,0,5
e48fc2,1753518822,SAEZ,1753527017,SBGL,TAM8023 ,411.0,50.0,5833,197,2,5
e49526,1753524311,SBSP,1753526592,SBGL,GLO1660 ,563.0,62.0,3379,75,1,5
0c218a,1753506360,,1753526307,SBGL,CMP216  ,,,3670,82,0,5
e4950d,1753523372,,1753525190,SBGL,GLO2044 ,,,3370,75,0,5
e4919e,1753523070,SBSP,1753525152,SBGL,GLO1050 ,1853.0,97.0,8617,783,1,5
e49957,1753520223,,1753524895,SBGL,GLO1781 ,,,3340,75,0,5
e49528,1753521333,,1753524536,SBGL,GLO2017 ,,,4157,113,0,5
e495cc,1753519330,,1753524329,SBGL,GLO2025 ,,,4496,136,0,5
e48e94,1753520276,,1753524158,SBGL,GLO1405 ,,,4316,128,0,5
e4952f,1753519054,,1753523981,SBGL,GLO1775 ,,,3793,98,0,5
e49405,1753513544,,1753523814,SBGL,GLO2013 ,,,3740,98,0,5
e495fb,1753492152,SBBR,1753523639,SBGL,GLO2007 ,2400.0,107.0,4467,136,1,5
e4919f,1753522813,,1753523485,SBGL,GLO2089 ,,,4460,128,0,5
e495cd,1753519825,SSKT,1753523319,SBGL,GL2029  ,6868.0,999.0,4316,128,1,5
e495f8,1753521773,SBGL,1753523247,SBGL,PSDFJ   ,1899.0,143.0,6306,235,1,5
e48e46,1753519298,,1753523037,SBGL,TAM3428 ,,,3156,67,0,5
e08594,1753514310,SABE,1753522827,SBGL,JES3812 ,463.0,51.0,3722,98,0,5
e49eef,1753521633,,1753522604,SBGL,GLO2033 ,,,3380,75,0,5
e47ffe,1753517766,,1753522439,SBGL,TAM3673 ,,,3680,98,0,5
e497e7,1753517853,,1753522274,SBGL,GLO2005 ,,,3349,75,0,5
4952ad,1753488399,LPPT,1753522073,SBGL,TAP075  ,5148.0,457.0,3363,82,2,5
e49593,1753519451,SBSP,1753521915,SBGL,FAB3702 ,782.0,9.0,3388,82,1,5
e49dde,1753510254,SBFZ,1753521509,SBGL,TAM3887 ,837.0,5.0,4403,143,1,5
e48014,1753516624,,1753521348,SBGL,TAM3583 ,,,3374,82,0,5
0ac9e1,1753501357,SKBO,1753521118,SBGL,AVA261  ,795.0,117.0,4202,128,1,5
e48c05,1753518274,,1753520960,SBGL,GLO2069 ,,,3399,82,0,5
e49eec,1753512831,SAEZ,1753520727,SBGL,GLO9461 ,1065.0,43.0,4370,136,2,5
e49eca,1753515914,,1753520457,SBGL,AZU4032 ,,,3367,82,0,5
e80252,1753507815,,1753519282,SBGL,LPE2404 ,,,3386,82,0,5
e49406,1753510997,,1753519048,SBGL,GLO7613 ,,,4195,128,0,5
4007f9,1753479461,EGLL,1753518800,SBGL,BAW249  ,1701.0,73.0,4440,143,3,5
e48394,1753507305,SBFZ,1753518569,SBGL,GLO9107 ,723.0,2.0,4173,121,1,5
4caeb3,1753476273,LIRF,1753518359,SBGL,ITY672  ,1928.0,194.0,3729,105,0,5
3c4a01,1753478013,EDDF,1753517963,SBGL,DLH500  ,4746.0,33.0,3657,98,1,5
e49ca9,1753512601,,1753516967,SBGL,GLO2085 ,,,3727,105,0,5
e48045,1753511370,,1753515629,SBGL,TAM3752 ,,,3358,82,0,5
e4943f,1753496119,SBFZ,1753507573,SBGL,GLO1912 ,907.0,9.0,4179,121,1,5
e0658d,1753497810,SABE,1753506141,SBGL,ARG1270 ,542.0,35.0,3690,90,0,5
e49c03,1753503821,SBGR,1753505878,SBGL,TAM4682 ,8065.0,439.0,3215,75,0,5
e4952a,1753502335,,1753505667,SBGL,GLO9351 ,,,4199,128,0,5
89617d,1753496092,SAEZ,1753504079,SBGL,UAE248  ,546.0,12.0,4173,128,2,5
e47f51,1753500408,,1753503739,SBGL,GLO2041 ,,,3662,90,0,5
e4926f,1753502280,SDVL,1753502906,SBGL,GLO2053 ,12609.0,1995.0,3710,98,0,5
e48987,1753498654,,1753501493,SBGL,GLO9257 ,,,3334,75,0,5
e80487,1753492590,,1753500735,SBGL,LAN780  ,,,3376,82,0,5
0aca5d,1753480746,SKBO,1753500341,SBGL,AVA197  ,1385.0,65.0,3813,98,0,5
e4966d,1753496235,,1753499845,SBGL,AZU2891 ,,,3729,98,0,5
e49fb5,1753496086,,1753498978,SBGL,AZU2785 ,,,2794,44,0,5
06a1ca,1753462776,LESL,1753498110,SBGL,QQE325  ,12769.0,1890.0,4640,151,1,5
a0ce03,1753460853,KFLL,1753497809,SBGL,N151BD  ,1861.0,195.0,4372,128,2,5
0c2189,1753421584,,1753497619,SBGL,CMP873  ,,,3320,67,0,5
e49220,1753495658,,1753496478,SBGL,TAM4680 ,,,3722,90,0,5
e48175,1753484164,SBFZ,1753495198,SBGL,GLO1975 ,1599.0,58.0,4625,143,1,5
e492a5,1753492833,SBKP,1753495016,SBGL,AZU4037 ,4294.0,534.0,3350,82,0,5
3965a9,1753493951,,1753494809,SBGL,AFR442  ,,,4179,121,0,5
e49c59,1753490093,SBVT,1753493564,SBGL,TAM3689 ,777.0,33.0,3350,82,0,5
e48045,1753484967,,1753493359,SBGL,TAM8107 ,,,3368,75,0,5
4952a5,1753492293,,1753493157,SBGL,TAP077  ,,,3355,82,0,5
e4988e,1753492103,,1753492979,SBGL,GLO2095 ,,,3366,82,0,5
e49eef,1753488125,SBBR,1753492799,SBGL,GLO1754 ,2653.0,183.0,3786,98,1,5
e48fc2,1753490500,,1753492557,SBGL,TAM3603 ,,,4375,128,0,5
e48f02,1753487241,SBVT,1753492399,SBGL,GLO2049 ,1053.0,33.0,3839,105,0,5
e490f0,1753487336,SBBR,1753492135,SBGL,TAM3780 ,1221.0,52.0,3447,82,1,5
e064cb,1753489928,,1753491972,SBGL,ARG1268 ,,,3664,98,0,5
e49590,1753486825,,1753491794,SBGL,AZU2990 ,,,3343,82,0,5
e48db0,1753489755,SBSP,1753491744,SBGL,GLO1048 ,1189.0,39.0,9026,692,1,5
e48fb5,1753487991,SBVT,1753491596,SBGL,GLO1924 ,1159.0,26.0,4456,136,0,5
e49eec,1753489575,,1753491443,SBGL,GLO1925 ,,,3388,82,0,5
e4a127,1753488430,,1753491140,SBGL,PSPIN   ,,,9200,738,0,5
e49e2c,1753489428,SBRJ,1753490938,SBGL,PSNVZ   ,5168.0,880.0,3704,98,0,5
e49890,1753487420,,1753490219,SBGL,GLO1945 ,,,3739,105,0,5
e49dde,1753487807,SBGR,1753490005,SBGL,TAM3368 ,14077.0,949.0,4334,143,0,5
e48502,1753484839,,1753489786,SBGL,GLO2077 ,,,5886,220,0,5
e49889,1753462672,SBGL,1753489588,SBGL,GLO9229 ,2694.0,39.0,3640,98,1,5
e4926f,1753487124,,1753489421,SBGL,GLO2019 ,,,4178,128,0,5
e49ef0,1753485791,,1753489214,SBGL,GLO1964 ,,,3365,90,0,5
e497e5,1753485124,SBFL,1753488927,SBGL,GLO2071 ,12547.0,1595.0,4192,128,0,5
e47fa8,1753485141,,1753488594,SBGL,GLO2015 ,,,4381,136,0,5
e8032b,1753479893,,1753488415,SBGL,SKU624  ,,,3686,105,0,5
e48c05,1753487087,,1753487845,SBGL,GLO2059 ,,,4576,143,0,5
e4851a,1753483155,SBSP,1753487682,SBGL,TAM3932 ,951.0,9.0,3370,82,1,5
e4956f,1753484219,SBVT,1753487427,SBGL,GLO1731 ,1449.0,4.0,4006,113,0,5
e48c30,1753485193,SBSP,1753487327,SBGL,GLO1046 ,870.0,62.0,8582,791,1,5
e80458,1753478790,,1753487206,SBGL,LAN772  ,,,4677,143,0,5
e48e88,1753485032,SBSP,1753487127,SBGL,AZU4915 ,407.0,78.0,6729,463,1,5
e48f04,1753484341,,1753486672,SBGL,GLO9851 ,,,5370,181,0,5
e49e2c,1753483372,SBSP,1753486670,SBGL,PSNVZ   ,331.0,55.0,5215,303,1,5
e49406,1753477423,SAEZ,1753486286,SBGL,GLO9449 ,1328.0,40.0,4544,143,2,5
e49266,1753484013,SBSP,1753486121,SBGL,GLO1044 ,725.0,62.0,6403,547,1,5
e48e94,1753481314,,1753485903,SBGL,GLO2091 ,,,4824,159,0,5
e4943e,1753480302,,1753485274,SBGL,GLO1845 ,,,4059,151,0,5
e0b198,1753476068,SAEZ,1753485048,SBGL,JES3810 ,644.0,25.0,3646,136,2,5
e4827c,1753482746,SBSP,1753484994,SBGL,TAM4532 ,796.0,32.0,5768,334,1,5
e49ca9,1753479480,SBBR,1753484898,SBGL,GLO1976 ,2726.0,206.0,3729,136,1,5
e49640,1753482304,SBKP,1753484775,SBGL,AZU2917 ,378.0,51.0,6622,479,0,5
e48dfe,1753482280,SBSP,1753484551,SBGL,PPSCN   ,245.0,70.0,5883,341,1,5
48436a,1753443213,EHAM,1753484472,SBGL,KLM705  ,4675.0,27.0,3376,128,0,5
e48c4d,1753566645,,1753570722,SBBR,TAM3809 ,,,2509,44,0,2
e49763,1753558484,,1753570518,SBBR,TAM3128 ,,,2515,44,0,2
e49ca9,1753541989,SBGL,1753570451,SBBR,GLO9076 ,2182.0,61.0,1201,37,1,2
e490ed,1753565628,SBSP,1753570360,SBBR,TAM3012 ,816.0,1.0,2692,44,1,2
e49889,1753552980,SBGL,1753570265,SBBR,GLO2000 ,2357.0,46.0,2489,44,1,2
e4808c,1753550650,SBGR,1753570174,SBBR,TAM3761 ,12012.0,911.0,1001,52,0,2
e48ffb,1753561351,SBFZ,1753570025,SBBR,TAM3743 ,864.0,28.0,1264,52,1,2
e49526,1753551857,SBGL,1753569915,SBBR,GLO2056 ,2306.0,39.0,2735,29,1,2
e491c3,1753565805,,1753569848,SBBR,GLO2103 ,,,1416,29,0,2
e48502,1753564834,SBGL,1753569712,SBBR,GLO2075 ,2675.0,39.0,2900,21,1,2
e48394,1753565321,,1753569580,SBBR,GLO1759 ,,,1152,44,0,2
e49957,1753565506,,1753569413,SBBR,GLO1302 ,,,2655,37,0,2
e491af,1753551818,SBFZ,1753569246,SBBR,TAM3524 ,554.0,28.0,1223,52,1,2
e48987,1753564549,SBKP,1753568759,SBBR,GLO1173 ,6140.0,428.0,2375,44,0,2
e47fa6,1753562267,SSKT,1753568582,SBBR,TAM4585 ,5637.0,725.0,2527,37,1,2
e48011,1753567681,,1753568477,SBBR,TAM3721 ,,,2598,37,0,2
e490c2,1753564024,,1753568249,SBBR,TAM3225 ,,,2323,67,0,2
e4a12a,1753559483,,1753568176,SBBR,TAM3497 ,,,1344,29,0,2
e48ffa,1753564003,,1753568033,SBBR,TAM3425 ,,,861,75,0,2
e482c0,1753562705,,1753567948,SBBR,GLO1763 ,,,2310,67,0,2
e480fa,1753563439,,1753567836,SBBR,TAM3529 ,,,2710,37,0,2
e48f69,1753553191,SBFZ,1753567725,SBBR,TAM3510 ,647.0,35.0,883,75,1,2
e49450,1753549773,SBSP,1753567627,SBBR,TAM3030 ,610.0,47.0,2619,29,1,2
e48198,1753562372,,1753567343,SBBR,TAM4649 ,,,2870,21,0,2
e4999d,1753562426,SBGL,1753567223,SBBR,TAM4593 ,2144.0,82.0,2182,60,1,2
e4a015,1753555686,,1753565809,SBBR,PSECF   ,,,1471,21,0,2
e490ee,1753552375,SBFZ,1753565454,SBBR,TAM3493 ,381.0,5.0,1138,44,1,2
e48e88,1753551882,SBGR,1753564850,SBBR,AZU5031 ,13348.0,827.0,2320,52,0,2
e483ba,1753560036,SBSP,1753564617,SBBR,FAB2590 ,843.0,55.0,1573,14,1,2
e4952e,1753560030,,1753563869,SBBR,GLO9059 ,,,1312,29,0,2
e4894f,1753559282,,1753563647,SBBR,TAM3257 ,,,2293,60,0,2
e485b2,1753560070,,1753563281,SBBR,TAM3709 ,,,2597,29,0,2
e48044,1753558202,SBSP,1753562841,SBBR,TAM3016 ,703.0,9.0,2326,52,1,2
e48fc2,1753558593,,1753562455,SBBR,TAM4665 ,,,871,60,0,2
e400d9,1753556533,SBSP,1753561063,SBBR,FAB01   ,444.0,47.0,1307,21,1,2
e49c08,1753551648,SBFZ,1753560196,SBBR,TAM3741 ,960.0,13.0,1387,14,1,2
e4851a,1753552681,SBIZ,1753558488,SBBR,TAM3513 ,1903.0,218.0,726,82,2,2
e47e7c,1753553101,,1753557968,SBBR,GLO1733 ,,,2437,44,0,2
e49883,1753548026,SDEN,1753557754,SBBR,PSEAK   ,13583.0,1240.0,1326,29,1,2
e4925f,1753552411,,1753556591,SBBR,TAM3247 ,,,2319,60,0,2
e48fb5,1753551872,,1753556059,SBBR,GLO1484 ,,,2432,44,0,2
4952a3,1753523375,LPPT,1753555377,SBBR,TAP057  ,3545.0,289.0,770,75,2,2
e4953d,1753533520,SBSP,1753554730,SBBR,TAM3403 ,528.0,70.0,1023,37,1,2
e4954d,1753549828,,1753554261,SBBR,PRWDL   ,,,1312,21,0,2
e4988d,1753550522,,1753554071,SBBR,GLO9051 ,,,2290,52,0,2
e49180,1753532362,SBBR,1753552987,SBBR,TAM3505 ,1932.0,52.0,1190,37,1,2
e49608,1753546486,SBKP,1753550576,SBBR,AZU5007 ,4943.0,413.0,2251,44,0,2
e48fcb,1753545969,SBGR,1753550356,SBBR,TAM3265 ,11092.0,774.0,2252,67,0,2
e49d1e,1753544703,,1753548188,SBBR,PPJAX   ,,,1390,52,0,2
e4910c,1753543200,SBSP,1753547896,SBBR,AZU6002 ,737.0,70.0,2242,60,1,2
a350e5,1753538000,SDPW,1753547508,SBBR,PPHOM   ,14175.0,903.0,1510,8,0,2
e485b2,1753541555,SBRJ,1753546277,SBBR,TAM3781 ,6093.0,766.0,827,75,0,2
e482c0,1753540701,SBRJ,1753545594,SBBR,GLO1721 ,7603.0,1185.0,6206,206,0,2
e48ffb,1753541851,,1753545440,SBBR,TAM3777 ,,,902,82,0,2
e49eca,1753540251,,1753544129,SBBR,AZU2961 ,,,2378,60,0,2
e48011,1753537200,SBSP,1753541901,SBBR,TAM3008 ,998.0,17.0,2358,67,1,2
e4894e,1753536432,SBRJ,1753541437,SBBR,TAM3797 ,5347.0,583.0,2417,75,0,2
e49593,1753534463,SBGL,1753540717,SBBR,FAB3702 ,1962.0,21.0,1289,44,1,2
e49c06,1753536120,SBGR,1753540430,SBBR,TAM3263 ,5768.0,332.0,2272,75,0,2
e48fc2,1753534334,SBGL,1753539368,SBBR,TAM4782 ,2519.0,8.0,2358,82,1,2
e47e7c,1753533698,SBRJ,1753538475,SBBR,GLO1719 ,6220.0,964.0,2378,82,0,2
e49b52,1753533054,SBGR,1753537517,SBBR,GLO1412 ,5624.0,385.0,2299,82,0,2
e491df,1753532174,SBSP,1753536899,SBBR,AZU6050 ,829.0,85.0,2323,75,1,2
e4a34e,1753535599,,1753536207,SBBR,PSFLP   ,,,1452,60,0,2
e49181,1753531074,SBGL,1753535987,SBBR,FAB2902 ,2632.0,61.0,1048,75,1,2
e48e88,1753521224,SBSP,1753533703,SBBR,AZU6038 ,822.0,62.0,2350,75,1,2
e48c4d,1753529032,SBSP,1753533518,SBBR,TAM3609 ,854.0,17.0,2378,82,1,2
e49dce,1753524607,,1753532233,SBBR,PSCGS   ,,,1790,21,0,2
e49c05,1753526580,SBGR,1753530887,SBBR,TAM4676 ,13183.0,919.0,2261,75,0,2
e47fa6,1753521053,,1753527617,SBBR,TAM3769 ,,,1190,82,0,2
e8027e,1753491232,,1753527253,SBBR,LPE2402 ,,,2072,82,0,2
e49ef1,1753511081,,1753526832,SBBR,GLO1747 ,,,1106,98,0,2
e4851a,1753521494,SBRJ,1753526652,SBBR,TAM3793 ,5854.0,735.0,2157,82,0,2
e48120,1753525743,,1753526490,SBBR,GLO1623 ,,,2618,44,0,2
e4952a,1753521093,SBGL,1753526449,SBBR,GLO1755 ,2337.0,54.0,1067,90,1,2
e497e5,1753520196,SBFL,1753526331,SBBR,GLO1753 ,5655.0,536.0,2153,75,1,2
e48c03,1753521188,SBSP,1753526203,SBBR,GLO1402 ,1743.0,74.0,2307,75,1,2
e48045,1753520861,SBGL,1753526186,SBBR,TAM3791 ,2608.0,8.0,693,98,1,2
e48f69,1753525245,,1753526095,SBBR,TAM3725 ,,,2118,90,0,2
e48618,1753499340,SBGL,1753526039,SBBR,GLO9214 ,2800.0,54.0,703,82,1,2
e491b1,1753509445,SBFZ,1753525859,SBBR,TAM3811 ,714.0,13.0,989,75,1,2
e48f6a,1753521394,,1753525857,SBBR,TAM3433 ,,,2277,82,0,2
e49bfc,1753519817,,1753525779,SBBR,TAM3313 ,,,962,82,0,2
e48989,1753521153,SBGR,1753525773,SBBR,GLO1492 ,10305.0,904.0,2206,82,0,2
e4956f,1753521246,,1753525660,SBBR,GLO1785 ,,,2249,75,0,2
e49caa,1753518412,,1753525619,SBBR,GLO1767 ,,,791,105,0,2
e49523,1753516580,SBFZ,1753525545,SBBR,GLO1707 ,815.0,2.0,1045,90,1,2
e491af,1753521032,,1753525514,SBBR,TAM3967 ,,,2142,82,0,2
e491a1,1753516415,SBFZ,1753525436,SBBR,TAM3739 ,783.0,13.0,743,90,1,2
e4956e,1753521316,,1753525289,SBBR,GLO1829 ,,,2233,75,0,2
e48ce7,1753519530,,1753525276,SBBR,TAM3501 ,,,1204,75,0,2
e491b0,1753508688,SBFZ,1753525108,SBBR,TAM3123 ,237.0,20.0,855,90,1,2
e490c2,1753496711,SBFZ,1753524826,SBBR,TAM3663 ,708.0,13.0,733,90,1,2
e4943e,1753520180,,1753524558,SBBR,GLO1729 ,,,2109,67,0,2
e48135,1753520229,,1753524433,SBBR,TAM3775 ,,,2113,67,0,2
e4952e,1753518445,,1753524203,SBBR,GLO1477 ,,,813,75,0,2
e490ee,1753492208,SBGL,1753524015,SBBR,TAM3495 ,2703.0,52.0,696,90,1,2
e49527,1753498038,KMIA,1753522763,SBBR,GLO7749 ,2953.0,111.0,715,90,1,2
e4a3f0,1753518018,SBGR,1753522313,SBBR,GLO9636 ,12499.0,911.0,1059,90,0,2
e49889,1753512139,SABE,1753522027,SBBR,GLO7061 ,93.0,51.0,1190,82,0,2
e4950e,1753513104,,1753521830,SBBR,GLO9297 ,,,768,98,0,2
e49b51,1753505045,SKBO,1753521179,SBBR,GLO8243 ,1142.0,117.0,2243,60,1,2
e49890,1753516522,,1753520756,SBBR,GLO9005 ,,,2109,67,0,2
e49eeb,1753494626,KMCO,1753520627,SBBR,GLO7601 ,3213.0,138.0,2220,67,0,2
e492f8,1753513864,SBGR,1753518327,SBBR,SID9305 ,7442.0,469.0,734,75,0,2
e49ed4,1753512377,,1753518113,SBBR,TAM3675 ,,,955,75,0,2
e48ffb,1753511057,,1753516702,SBBR,TAM3669 ,,,801,75,0,2
e48043,1753507456,,1753516328,SBBR,TAM3993 ,,,763,75,0,2
e8044c,1753509614,,1753515929,SBBR,LAN790  ,,,751,82,0,2
e49640,1753499414,SBKP,1753509047,SBBR,PSAEF   ,2076.0,153.0,1336,67,0,2
e48dc1,1753498778,SBGR,1753503059,SBBR,TAM3656 ,7829.0,462.0,1003,82,0,2
e48ffa,1753498266,SBGR,1753502560,SBBR,TAM3259 ,5227.0,431.0,753,90,0,2
e49608,1753489403,SBGR,1753502004,SBBR,AZU2881 ,11931.0,904.0,1006,75,0,2
0c2069,1753464889,,1753499067,SBBR,CMP205  ,,,1554,82,0,2
e494a6,1753493143,SBGL,1753498733,SBBR,ZEUS58  ,2677.0,21.0,835,67,1,2
e48e09,1753494259,SBGR,1753498434,SBBR,GLO1418 ,10810.0,736.0,2296,67,0,2
e49af4,1753492887,SBKP,1753496964,SBBR,AZU6595 ,2399.0,237.0,791,82,0,2
e49764,1753492186,SBSP,1753496830,SBBR,TAM3022 ,120.0,62.0,1023,75,1,2
e48757,1753490153,SBRJ,1753495887,SBBR,PRXLS   ,4023.0,674.0,707,82,1,2
e494b3,1753476232,,1753495220,SBBR,AZU4302 ,,,1200,90,0,2
e49baf,1753479704,,1753494928,SBBR,GLO1779 ,,,806,90,0,2
e49180,1753487824,SBSP,1753492605,SBBR,TAM4546 ,1019.0,9.0,751,82,1,2
e47e7c,1753487236,,1753492288,SBBR,GLO1765 ,,,1207,52,0,2
e48ce7,1753485307,SBSP,1753489918,SBBR,TAM3018 ,43.0,62.0,2002,67,1,2
e49eee,1753485088,SBSP,1753489504,SBBR,GLO1464 ,85.0,62.0,2193,67,1,2
e49ed4,1753483804,SBSP,1753488599,SBBR,TAM3012 ,40.0,62.0,2159,67,1,2
e49528,1753483130,SBGL,1753488405,SBBR,GLO2075 ,2408.0,54.0,2159,67,1,2
e49d24,1753483006,SBSP,1753487622,SBBR,AZU6008 ,113.0,70.0,2206,60,1,2
e48273,1753481718,SBSP,1753486207,SBBR,TAM4736 ,1009.0,32.0,2639,37,1,2
e495fb,1753474593,,1753485851,SBBR,GLO1705 ,,,2598,37,0,2
e47fa6,1753481793,,1753485720,SBBR,TAM3761 ,,,830,60,0,2
e491c3,1753476010,SBFZ,1753484902,SBBR,GLO1771 ,501.0,5.0,1536,21,1,2
e486c1,1753480358,,1753484803,SBBR,TAM4581 ,,,2584,44,0,2
e480fa,1753478884,SBFL,1753484587,SBBR,TAM4585 ,9886.0,1000.0,2514,44,0,2
e495cd,1753475520,,1753484431,SBBR,GLO1791 ,,,1282,37,0,2
