icao24,callsign,origin_country,time_position,last_contact,longitude,latitude,baro_altitude,on_ground,velocity,true_track,vertical_rate,sensors,geo_altitude,squawk,spi,position_source
e80267,ARE4907 ,Chile,1786574223,1786574223,-56.8711,-14.0526,10675.62,False,241.54,134.83,0.33,,11369.04,,False,0
e80272,LPE2415 ,Chile,1786574223,1786574223,-54.8243,-20.9644,10980.42,False,201.95,291.99,0.0,,11628.12,,False,0
e80211,LPE2935 ,Chile,1786574200,1786574204,-46.4942,-23.4407,754.38,False,83.18,73.47,-3.9,,807.72,,False,0
e49ec9,AZU4312 ,Brazil,1786574045,1786574045,-40.488,-9.6421,11582.4,False,241.34,199.94,0.0,,12329.16,,False,0
e49eec,GLO1319 ,Brazil,1786574224,1786574224,-46.6237,-22.3247,8831.58,False,207.92,199.06,-16.26,,9387.84,,False,0
e49ef4,GLO2007 ,Brazil,1786574224,1786574224,-44.4225,-20.8184,11582.4,False,237.83,155.6,0.0,,12260.58,,False,0
e0b254,ARG1499 ,Argentina,1786574119,1786574120,-61.5378,-31.9162,11277.6,False,265.7,147.17,-0.33,,11597.64,,False,0
e49ed5,TAM8081 ,Brazil,1786574223,1786574223,-46.6707,-23.4504,1737.36,False,117.35,120.27,-4.88,,1844.04,,False,0
e48c4c,TAM3256 ,Brazil,1786574223,1786574223,-46.3429,-22.8579,4587.24,False,157.49,238.49,0.65,,4884.42,,False,0
3c4b32,DLH511  ,Germany,1786574223,1786574223,-40.1765,-18.3724,9433.56,False,271.18,28.56,0.0,,10050.78,,False,0
e49f5a,AZU2800 ,Brazil,1786574213,1786574220,-50.3667,-27.2841,11719.56,False,236.1,27.79,1.63,,12268.2,,False,0
e49f59,AZU2643 ,Brazil,1786574223,1786574223,-44.9584,-21.2696,9448.8,False,227.73,31.61,-0.33,,10020.3,,False,0
e0b14c,LVKEL   ,Argentina,1786574197,1786574201,-59.4333,-33.2985,11536.68,False,183.25,328.9,4.23,,11849.1,1751,False,0
e48b66,TAM3019 ,Brazil,1786574223,1786574224,-47.0425,-22.8574,5212.08,False,179.68,212.37,-11.7,,5547.36,,False,0
e48b4f,AZU4794 ,Brazil,1786574223,1786574223,-48.1651,-22.206,5181.6,False,135.37,136.54,0.0,,5486.4,,False,0
e4a5b1,PSMGD   ,Brazil,1786574223,1786574223,-46.4323,-23.5151,937.26,False,62.16,259.99,-0.33,,982.98,,False,0
e80042,SKU611  ,Chile,1786574223,1786574223,-46.8531,-24.1219,8275.32,False,212.36,216.93,5.53,,8763.0,,False,0
e48a20,PREBB   ,Brazil,1786574082,1786574082,-47.8382,-20.914,1371.6,False,56.18,344.05,0.0,,1440.18,,False,0
e4a4b8,PSGLB   ,Brazil,1786574219,1786574222,-46.7429,-23.5926,922.02,False,37.56,216.09,-0.33,,990.6,,False,0
e49d22,AZU2974 ,Brazil,1786574223,1786574223,-40.5268,-17.749,10043.16,False,226.6,60.93,-2.93,,10690.86,,False,0
e4a549,GLO2176 ,Brazil,1786574174,1786574174,-43.2796,-22.802,83.82,False,74.81,125.77,-3.9,,129.54,,False,0
e4a50d,TAM3643 ,Brazil,1786574220,1786574220,-40.2812,-20.264,,True,0.0,171.56,,,,,False,0
e4a50e,TAM4645 ,Brazil,1786574223,1786574223,-47.1002,-23.2754,3581.4,False,153.86,168.43,-7.48,,3794.76,,False,0
e49bfc,TAM8175 ,Brazil,1786574198,1786574221,-50.6179,-27.8008,11269.98,False,247.16,32.76,0.0,,11818.62,,False,0
344345,IBE3271 ,Spain,1786574224,1786574224,-46.2738,-22.7102,4808.22,False,176.28,188.39,-2.93,,5097.78,,False,0
e200fd,E558    ,Argentina,1786574223,1786574223,-64.2928,-31.4217,769.62,False,30.42,71.26,-1.63,,845.82,,False,0
e49c8f,,Brazil,1786574214,1786574215,-46.8665,-23.1399,1203.96,False,115.4,86.93,-0.33,,1287.78,,False,0
e49c5a,TAM3699 ,Brazil,1786573990,1786573992,-46.493,-23.4404,746.76,False,76.18,73.52,-3.58,,800.1,,False,0
e47e7e,GLO1039 ,Brazil,1786574223,1786574223,-45.7123,-23.8129,7757.16,False,179.32,266.71,-5.2,,8214.36,,False,0
e80613,JAT761  ,Chile,1786574223,1786574223,-46.3861,-24.5844,9753.6,False,207.31,242.67,0.0,,10302.24,,False,0
e80618,JES3109 ,Chile,1786574223,1786574223,-62.5906,-32.4035,9319.26,False,260.97,127.95,4.55,,9578.34,,False,0
e8061d,JES3146 ,Chile,1786574223,1786574223,-58.3437,-33.1087,9448.8,False,207.36,358.86,0.0,,9753.6,1761,False,0
345318,IBE0127 ,Spain,1786574207,1786574207,-68.0416,-2.8114,11574.78,False,229.69,222.91,0.0,,12359.64,,False,0
4bb0e7,THY15   ,Turkey,1786574222,1786574223,-46.3233,-23.4115,1767.84,False,155.05,112.23,12.35,,1874.52,,False,0
e48fcb,TAM3982 ,Brazil,1786574223,1786574223,-38.5372,-3.7789,,True,0.0,284.06,,,,,False,0
e48fb4,GLO1284 ,Brazil,1786574220,1786574220,-49.4489,-27.4766,11582.4,False,211.17,213.57,0.0,,12138.66,,False,0
e06611,ARG1789 ,Argentina,1786574223,1786574223,-58.6282,-33.1269,9959.34,False,234.7,185.66,-10.73,,10279.38,2126,False,0
e0658f,ARG1580 ,Argentina,1786574223,1786574223,-64.3951,-30.401,8778.24,False,219.46,347.82,6.5,,9037.32,,False,0
e48f38,AZU6175 ,Brazil,1786574223,1786574223,-47.2034,-20.4096,4244.34,False,112.85,42.78,1.3,,4488.18,,False,0
e80491,TAM8068 ,Chile,1786574223,1786574223,-42.5723,-21.2838,10058.4,False,276.94,38.89,0.0,,10660.38,,False,0
e80490,LAN066  ,Chile,1786573927,1786573958,-70.9149,-33.2764,2125.98,False,116.64,352.91,-6.5,,2194.56,,False,0
e48f6b,AZU4083 ,Brazil,1786574224,1786574224,-49.9585,-26.8908,4556.76,False,145.37,13.3,-0.65,,4792.98,,False,0
e80455,,Chile,1786574212,1786574212,-70.8007,-33.4211,754.38,False,97.3,177.88,5.53,,754.38,,False,0
e80450,LAN714  ,Chile,1786574223,1786574223,-64.6422,-30.8847,11879.58,False,264.94,61.59,0.0,,12199.62,,False,0
e8044b,LAN707  ,Chile,1786574204,1786574204,-57.7464,-20.2194,12192.0,False,235.21,219.85,-0.33,,12900.66,,False,0
e80462,LAN771  ,Chile,1786574223,1786574223,-49.7229,-26.095,10980.42,False,200.4,243.96,0.0,,11551.92,,False,0
e80475,TAM8075 ,Chile,1786574222,1786574222,-45.2569,-21.1113,12184.38,False,227.7,216.46,0.0,,12870.18,,False,0
e48f12,TAM3964 ,Brazil,1786574223,1786574223,-48.6326,-21.7569,7924.8,False,194.17,311.89,-1.63,,8427.72,,False,0
e06491,ARG1766 ,Argentina,1786574224,1786574224,-55.3119,-26.5866,6598.92,False,185.52,216.2,-9.1,,6957.06,,False,0
e48db2,GLO1130 ,Brazil,1786574223,1786574223,-48.3392,-23.5575,9753.6,False,207.77,250.62,0.0,,10325.1,,False,0
e48df6,TAM8195 ,Brazil,1786574223,1786574223,-46.7057,-22.894,4023.36,False,158.9,155.92,-7.8,,4274.82,,False,0
e48e0a,GLO1387 ,Brazil,1786574222,1786574223,-44.96,-23.032,10363.2,False,206.63,248.23,0.0,,10965.18,,False,0
e48e88,AZU6509 ,Brazil,1786574224,1786574224,-46.7552,-23.5226,1623.06,False,113.04,57.83,-7.8,,1729.74,,False,0
e48e94,GLO1350 ,Brazil,1786574217,1786574223,-42.4783,-22.2164,7620.0,False,209.4,57.95,0.0,,8069.58,,False,0
e80335,SKU1256 ,Chile,1786574223,1786574223,-71.0003,-33.2326,5737.86,False,175.28,352.75,5.2,,5875.02,,False,0
e8033f,SKU630  ,Chile,1786574224,1786574224,-48.8852,-27.7392,2979.42,False,180.84,105.34,-7.8,,3124.2,,False,0
e49fcc,PSZPN   ,Brazil,1786574221,1786574221,-40.3514,-9.2688,13106.4,False,203.59,199.95,0.0,,13883.64,,False,0
e49fb6,AZU2668 ,Brazil,1786574223,1786574223,-46.7562,-23.3541,5166.36,False,188.08,128.78,10.73,,5463.54,,False,0
e49fb3,AZU4546 ,Brazil,1786574223,1786574223,-47.3498,-23.6563,6819.9,False,172.31,193.99,8.45,,7216.14,,False,0
e49fb5,AZU4831 ,Brazil,1786573911,1786573911,-46.4919,-23.4401,739.14,False,74.55,73.57,-3.58,,792.48,,False,0
e48ce6,TAM9073 ,Brazil,1786574223,1786574223,-42.5988,-23.0182,4061.46,False,168.44,242.34,-10.4,,4305.3,,True,0
e0b390,ARG1792 ,Argentina,1786574223,1786574223,-58.1128,-32.7351,10675.62,False,213.9,7.74,0.0,,11003.28,1743,False,0
4ca4b0,ITY679  ,Ireland,1786574220,1786574221,-43.8264,-22.8573,8275.32,False,246.94,60.55,2.28,,8770.62,,False,0
e4a012,TAM4716 ,Brazil,1786574223,1786574223,-46.5449,-23.2021,2758.44,False,133.97,208.43,-3.25,,2926.08,,False,0
e4a067,,Brazil,1786574223,1786574223,-38.4855,-3.8996,1821.18,False,133.4,185.75,0.33,,1920.24,,False,0
e48950,TAM3803 ,Brazil,1786574223,1786574223,-45.1049,-23.7249,9128.76,False,181.54,253.88,0.0,,9646.92,,False,0
e4894f,TAM3932 ,Brazil,1786574220,1786574221,-46.6579,-23.6269,,True,0.0,326.25,,,,,False,0
e4898a,GLO1285 ,Brazil,1786574222,1786574224,-46.7325,-23.7031,2286.0,False,158.69,327.44,-8.78,,2430.78,,False,0
e48988,GLO1455 ,Brazil,1786574223,1786574223,-46.5817,-23.4642,1219.2,False,90.38,74.14,-5.85,,1303.02,,False,0
e48823,PTLBM   ,Brazil,1786574223,1786574223,-56.0484,-12.6601,10668.0,False,246.71,172.09,0.0,,11353.8,,False,0
4850f5,KLM791  ,Kingdom of the Netherlands,1786574070,1786574070,-46.4926,-23.4403,739.14,False,82.04,73.61,-3.58,,815.34,,False,0
e48799,TAM3406 ,Brazil,1786574223,1786574223,-49.4716,-22.4682,11269.98,False,251.55,102.16,0.0,,11917.68,,False,0
e485af,TAM3562 ,Brazil,1786574224,1786574224,-47.9407,-21.2514,9753.6,False,223.89,322.66,0.0,,10332.72,,False,0
e49af4,AZU4787 ,Brazil,1786574222,1786574223,-45.7993,-12.5313,11582.4,False,232.09,166.67,0.0,,12321.54,,False,0
e4a446,PSINJ   ,Brazil,1786574192,1786574192,-46.6491,-23.631,,True,0.06,95.62,,,,,False,0
e49b51,GLO9451 ,Brazil,1786573998,1786573998,-44.0319,-23.7295,7360.92,False,223.92,31.28,-12.03,,8907.78,,False,0
e4a36d,PSVLC   ,Brazil,1786574223,1786574223,-47.8514,-20.5884,13106.4,False,220.91,352.78,0.0,,13799.82,,False,0
0ac997,EFY9026 ,Colombia,1786573972,1786573981,-73.4377,4.8181,5105.4,False,132.14,122.76,0.33,,5394.96,,False,0
407f2b,BAW246  ,United Kingdom,1786574223,1786574223,-39.6342,-2.779,11277.6,False,246.59,13.02,0.0,,12009.12,,False,0
e49a97,AZU4040 ,Brazil,1786574219,1786574219,-43.752,-22.4335,2712.72,False,105.18,67.57,-5.53,,2880.36,,False,0
e49a8b,AZU4410 ,Brazil,1786574223,1786574224,-47.7794,-23.2732,4282.44,False,171.83,52.79,-7.48,,4518.66,,False,0
e49a0a,PSBFB   ,Brazil,1786574223,1786574223,-56.059,-14.1118,3878.58,False,99.31,178.81,11.7,,4099.56,,False,0
e49a59,GLO2175 ,Brazil,1786574223,1786574223,-43.553,-22.5807,2141.22,False,118.05,152.21,-1.3,,2278.38,,False,0
e49a48,GLO2179 ,Brazil,1786574015,1786574015,-43.2797,-22.8019,83.82,False,72.66,125.49,-3.9,,129.54,7721,True,0
ab47bc,N826GA  ,United States,1786574223,1786574223,-46.5205,-22.9983,3177.54,False,141.02,181.67,-7.8,,3368.04,,False,0
e4a0e0,PSEUF   ,Brazil,1786574179,1786574179,-67.9116,-1.2509,13106.4,False,216.23,317.12,0.0,,13876.02,,False,0
e4a153,PSDDO   ,Brazil,1786574223,1786574223,-55.6983,-15.2399,4960.62,False,93.18,62.73,6.83,,5273.04,,False,0
e4a142,PSFME   ,Brazil,1786574222,1786574223,-46.7808,-19.9401,7924.8,False,123.58,217.73,0.0,,8397.24,,False,0
e4a131,TAM3785 ,Brazil,1786574215,1786574215,-46.6593,-23.6258,,True,0.32,236.25,,,,,False,0
0ac9ee,AVA184  ,Colombia,1786574223,1786574223,-58.117,-13.4527,10965.18,False,223.83,311.27,0.0,,11704.32,,False,0
0ac9c2,AVA146  ,Colombia,1786574223,1786574223,-55.9899,-12.791,10980.42,False,229.09,312.18,0.0,,11711.94,,False,0
e4943f,GLO1675 ,Brazil,1786574223,1786574223,-45.6615,-21.6206,10972.8,False,213.81,216.29,0.0,,11620.5,,False,0
e4808c,TAM3163 ,Brazil,1786574179,1786574185,-48.4538,-27.0167,11285.22,False,251.71,35.77,0.33,,11841.48,,False,0
e492b0,AZU4013 ,Brazil,1786574223,1786574223,-53.8647,-14.1109,11277.6,False,229.16,152.74,0.0,,12001.5,,False,0
e492aa,AZU8745 ,Brazil,1786574143,1786574143,-57.4509,-33.3003,11887.2,False,234.73,35.82,0.0,,12222.48,0430,False,0
e49368,AZU8747 ,Brazil,1786574223,1786574223,-45.4825,-22.08,11894.82,False,246.05,29.57,-0.33,,12580.62,,False,0
e49371,PRPGA   ,Brazil,1786574223,1786574223,-47.7236,-23.1944,7924.8,False,119.36,269.51,0.0,,8359.14,,False,0
e49374,PRRDG   ,Brazil,1786574222,1786574223,-41.9081,-22.5474,12192.0,False,204.5,212.57,0.0,,12839.7,,False,0
e48043,TAM4532 ,Brazil,1786574223,1786574223,-46.1332,-23.6402,5212.08,False,203.84,83.92,12.68,,5494.02,,False,0
4951ee,TAP109  ,Portugal,1786574220,1786574220,-46.8571,-24.0771,12192.0,False,220.52,208.42,0.0,,12832.08,,False,0
4951ef,TAP058  ,Portugal,1786574223,1786574223,-43.8524,-8.3916,11277.6,False,235.4,30.32,0.0,,12024.36,,False,0
e49390,AZU2799 ,Brazil,1786574223,1786574223,-42.8501,-15.1834,11590.02,False,231.45,206.39,0.0,,12306.3,,False,0
e4932a,AZU4298 ,Brazil,1786574222,1786574223,-44.2685,-15.3327,11574.78,False,230.2,186.03,0.0,,12306.3,,False,0
e49311,AZU4277 ,Brazil,1786574222,1786574222,-46.6647,-23.6147,784.86,False,70.63,146.89,-3.9,,853.44,,False,0
ac858a,AVA197  ,United States,1786574223,1786574223,-69.2182,-3.4614,10058.4,False,245.52,130.67,0.0,,10759.44,,False,0
e491c3,GLO2177 ,Brazil,1786574223,1786574223,-43.4377,-22.6971,1158.24,False,113.75,125.06,-9.1,,1249.68,,False,0
e491ad,,Brazil,1786574147,1786574147,-60.0975,-30.0743,10652.76,False,250.66,69.71,0.0,,,,False,0
e4924a,TAM3834 ,Brazil,1786574222,1786574222,-45.0209,-21.6771,9151.62,False,257.23,36.3,6.5,,9707.88,,False,0
e49221,        ,Brazil,1786574215,1786574216,-46.6591,-23.6261,,True,2.06,236.25,,,,,False,0
e490c2,TAM3195 ,Brazil,1786574198,1786574198,-44.132,-10.2573,10972.8,False,240.45,184.42,0.0,,11673.84,,False,0
e490c3,TAM3216 ,Brazil,1786574222,1786574223,-48.9551,-23.4559,10980.42,False,196.79,267.0,0.0,,11605.26,,False,0
aa9d48,CMB593  ,United States,1786574217,1786574221,-57.7706,-15.5023,11887.2,False,254.76,136.8,0.0,,12633.96,,False,0
e4910c,AZU6059 ,Brazil,1786574223,1786574223,-43.0048,-22.9224,2286.0,False,118.84,179.5,12.68,,2430.78,3771,False,0
4007f4,BAW248  ,United Kingdom,1786574224,1786574224,-39.2027,-1.7141,10668.0,False,243.5,6.79,0.0,,11369.04,,False,0
4950e4,AZU8750 ,Portugal,1786574054,1786574054,-44.484,-20.6788,10637.52,False,266.96,35.59,3.9,,11277.6,,False,0
e4988b,GLO1239 ,Brazil,1786574223,1786574223,-49.315,-26.2447,11887.2,False,257.23,29.08,-0.33,,12473.94,,False,0
e4988e,GLO1173 ,Brazil,1786574223,1786574223,-47.6435,-23.6003,8001.0,False,200.44,44.48,-5.53,,8481.06,,False,0
e49866,AZU4036 ,Brazil,1786574213,1786574213,-38.5375,-3.7784,,True,0.0,286.88,,,,,False,0
e48519,TAM3941 ,Brazil,1786574221,1786574221,-46.6553,-23.6298,,True,0.0,329.06,,,,,False,0
e49830,AZU4345 ,Brazil,1786574219,1786574221,-44.8177,-19.5422,10972.8,False,226.04,210.65,0.0,,11650.98,,False,0
e483da,PRBJM   ,Brazil,1786574223,1786574223,-48.625,-21.8823,8900.16,False,192.39,144.91,-9.43,,9464.04,,False,0
e49779,PSRJJ   ,Brazil,1786574223,1786574223,-39.8395,-5.3376,8534.4,False,134.19,168.95,0.0,,9052.56,,False,0
e495d0,AZU4820 ,Brazil,1786574223,1786574223,-46.035,-22.0938,8252.46,False,196.83,216.39,-9.75,,8778.24,,False,0
e495b2,AZU4816 ,Brazil,1786574032,1786574039,-44.9337,-9.7567,11582.4,False,244.79,183.37,0.0,,12321.54,,False,0
e482c5,TAM3316 ,Brazil,1786574132,1786574132,-44.3909,-19.7638,10668.0,False,243.24,19.39,0.0,,11308.08,,False,0
e4966d,AZU2903 ,Brazil,1786574223,1786574223,-46.2994,-23.4344,7985.76,False,195.28,253.0,-6.5,,8442.96,,False,0
e494bb,GLO1725 ,Brazil,1786574223,1786574223,-47.2167,-21.6392,9220.2,False,222.37,352.96,5.2,,9761.22,,False,0
e48273,TAM3064 ,Brazil,1786574222,1786574222,-46.6313,-23.6701,1089.66,False,109.79,171.38,3.25,,1165.86,,False,0
e48274,TAM4591 ,Brazil,1786574223,1786574223,-46.6048,-23.27,2423.16,False,90.32,236.85,-2.6,,2583.18,,False,0
e49527,GLO2173 ,Brazil,1786574223,1786574223,-43.3367,-22.764,457.2,False,79.96,125.84,-4.23,,510.54,,False,0
e4950e,GLO2185 ,Brazil,1786574144,1786574144,-44.0341,-23.7679,7947.66,False,179.4,12.08,-7.48,,8503.92,,False,0
a5bb52,PSCSR   ,United States,1786574223,1786574224,-48.0163,-22.4453,5791.2,False,123.97,161.11,0.0,,6118.86,,False,0
e4950d,GLO1143 ,Brazil,1786574194,1786574195,-48.606,-27.2926,3291.84,False,169.82,1.39,9.43,,3451.86,,False,0
e4956e,GLO2181 ,Brazil,1786574196,1786574196,-42.2788,-21.9625,7315.2,False,229.4,209.27,0.0,,7749.54,,False,0
e4956f,GLO7655 ,Brazil,1786574220,1786574220,-43.6143,-22.4676,2377.44,False,122.86,153.11,-5.2,,2529.84,,False,0
e480a2,LA4603  ,Brazil,1786574221,1786574221,-46.1862,-22.2847,6979.92,False,181.71,216.48,-10.73,,7421.88,,False,0
e493b9,AZU4577 ,Brazil,1786574216,1786574218,-45.5767,-13.4518,11590.02,False,239.46,166.71,0.0,,12321.54,,False,0
e48135,TAM3090 ,Brazil,1786574044,1786574044,-47.7877,-24.5524,8526.78,False,194.62,225.32,0.0,,9029.7,,False,0
e49475,GLO1487 ,Brazil,1786574222,1786574222,-45.0334,-20.6925,8534.4,False,202.04,213.89,0.0,,9075.42,,False,0
e4818a,TAM8120 ,Brazil,1786574224,1786574224,-42.8514,-15.366,9448.8,False,260.02,14.2,0.0,,10066.02,,False,0
e4818b,TAM8146 ,Brazil,1786574224,1786574224,-45.3422,-21.9911,8892.54,False,273.25,34.26,6.83,,9433.56,,False,0
e4949a,TAM3587 ,Brazil,1786574098,1786574098,-39.6665,-8.2881,11887.2,False,222.44,7.17,0.0,,12641.58,,False,0
e48189,TAM8073 ,Brazil,1786574223,1786574224,-46.6699,-23.3654,1798.32,False,95.33,212.66,-3.25,,1912.62,,False,0
0c21fb,CMP821  ,Panama,1786574223,1786574223,-69.4402,-3.3742,10668.0,False,247.45,142.77,-0.33,,11399.52,,False,0
e47f70,GLO1810 ,Brazil,1786574149,1786574158,-43.1638,-22.9379,106.68,False,67.08,20.66,-2.93,,152.4,,False,0
e47f50,GLO9603 ,Brazil,1786573992,1786574003,-44.3288,-12.0788,11277.6,False,233.57,10.79,0.0,,11978.64,,False,0
e4bc02,TAM3818 ,Brazil,1786574221,1786574222,-49.1089,-26.3373,9669.78,False,246.72,163.15,-13.33,,10187.94,,False,0
a3376c,UPS410  ,United States,1786573998,1786573998,-47.1844,-22.9716,876.3,False,82.84,127.94,-4.23,,929.64,,False,0
ad6b16,AVA217  ,United States,1786574224,1786574224,-70.2441,-2.3588,10058.4,False,242.34,147.66,0.33,,10767.06,,False,0
a05434,FDX5501 ,United States,1786574210,1786574210,-60.8013,-32.8534,11277.6,False,253.3,161.53,0.0,,11574.78,,False,0
0c20f3,CMP725  ,Panama,1786574223,1786574223,-70.7031,-2.2425,10668.0,False,241.12,128.07,0.0,,11391.9,,False,0
0c2070,CMP882  ,Panama,1786574212,1786574212,-72.5517,-3.2631,10668.0,False,246.0,152.2,0.0,,11399.52,,False,0
e94c84,BOV739  ,Bolivia,1786574222,1786574223,-48.708,-22.9432,10972.8,False,206.93,288.71,-0.33,,11597.64,,False,0
e94c88,BOV777  ,Bolivia,1786574223,1786574223,-58.5216,-13.8656,11582.4,False,233.85,229.37,0.0,,12359.64,,False,0
